date,round,day,venue,result,GF,GA,opponent,Total_Cmp,Total_Att,Total_Cmp%,Total_TotDist,Total_PrgDist,Short_Cmp,Short_Att,Short_Cmp%,Medium_Cmp,Medium_Att,Medium_Cmp%,Long_Cmp,Long_Att,Long_Cmp%,Ast,xAG,xA,KP,1/3,PPA,CrsPA,PrgP,time,match_report
2025-08-17,Matchweek 1,Sun,Away,L,0,1,Paris FC,554,639,86.7,9562,3205,254,270,94.1,235,262,89.7,51,77,66.2,0,0.5,0.5,12,51,7,1,69,17:15:00,/en/matches/c69996e3/Angers-Paris-FC-August-17-2025-Ligue-1
2025-08-22,Matchweek 2,Fri,Home,W,1,0,Paris S-G,948,1033,91.8,14752,3539,519,550,94.4,319,344,92.7,72,85,84.7,0,0.8,1.6,15,132,10,1,76,20:45:00,/en/matches/d1b5836d/Paris-Saint-Germain-Angers-August-22-2025-Ligue-1
2025-08-31,Matchweek 3,Sun,Away,D,1,1,Rennes,642,724,88.7,12435,3977,202,219,92.2,367,394,93.1,65,90,72.2,1,1.2,1.9,11,49,12,2,57,15:00:00,/en/matches/e7cbffb3/Angers-Rennes-August-31-2025-Ligue-1
2025-09-14,Matchweek 4,Sun,Home,D,1,1,Metz,499,581,85.9,8609,2626,218,234,93.2,227,250,90.8,39,71,54.9,1,0.8,0.5,5,31,4,1,39,17:15:00,/en/matches/80b1df7f/Metz-Angers-September-14-2025-Ligue-1
2025-09-19,Matchweek 5,Fri,Home,W,1,0,Lyon,555,628,88.4,9515,2649,220,234,94.0,291,310,93.9,29,55,52.7,0,1.5,1.3,10,37,5,2,50,20:45:00,/en/matches/3d321db7/Lyon-Angers-September-19-2025-Ligue-1
2025-09-28,Matchweek 6,Sun,Away,W,2,0,Brest,287,401,71.6,5917,2436,101,117,86.3,146,177,82.5,38,84,45.2,1,0.7,0.5,6,19,4,2,24,17:15:00,/en/matches/40e25494/Angers-Brest-September-28-2025-Ligue-1
2025-10-05,Matchweek 7,Sun,Home,W,5,0,Strasbourg,721,805,89.6,12337,3507,312,341,91.5,369,395,93.4,34,50,68.0,4,3.8,1.5,12,47,8,1,51,17:15:00,/en/matches/e2b6bcc0/Strasbourg-Angers-October-5-2025-Ligue-1
2025-10-18,Matchweek 8,Sat,Away,D,1,1,Monaco,522,611,85.4,8474,2910,242,263,92.0,234,267,87.6,28,44,63.6,1,0.8,0.8,8,19,6,1,41,19:00:00,/en/matches/aeed11a9/Angers-Monaco-October-18-2025-Ligue-1
2025-10-26,Matchweek 9,Sun,Away,L,0,2,Lorient,576,670,86.0,9984,3009,264,281,94.0,257,282,91.1,48,81,59.3,0,0.9,1.1,14,38,10,5,52,17:15:00,/en/matches/57e8593d/Angers-Lorient-October-26-2025-Ligue-1
2025-10-29,Matchweek 10,Wed,Home,D,2,2,Marseille,586,675,86.8,9491,2901,285,309,92.2,249,269,92.6,33,62,53.2,2,1.0,0.8,7,45,8,1,55,21:05:00,/en/matches/4e9cae04/Marseille-Angers-October-29-2025-Ligue-1
2025-11-02,Matchweek 11,Sun,Home,W,1,0,Lille,490,586,83.6,9383,3246,173,196,88.3,268,300,89.3,49,75,65.3,1,1.6,1.7,11,53,12,1,59,17:15:00,/en/matches/990dd8fe/Lille-Angers-November-2-2025-Ligue-1
2025-11-09,Matchweek 12,Sun,Away,L,0,2,Auxerre,418,505,82.8,7521,2552,170,187,90.9,189,207,91.3,42,77,54.5,0,0.5,0.7,9,30,7,3,38,17:15:00,/en/matches/9575a044/Angers-Auxerre-November-9-2025-Ligue-1
2025-08-17,Matchweek 1,Sun,Away,L,0,1,Lorient,418,504,82.9,7455,2745,176,188,93.6,183,208,88.0,43,68,63.2,0,1.1,0.7,9,32,3,0,32,17:15:00,/en/matches/460d3465/Auxerre-Lorient-August-17-2025-Ligue-1
2025-08-23,Matchweek 2,Sat,Home,W,3,1,Nice,437,515,84.9,6197,2201,241,266,90.6,146,163,89.6,23,42,54.8,2,1.8,1.2,14,31,7,3,44,19:00:00,/en/matches/1a63326e/Nice-Auxerre-August-23-2025-Ligue-1
2025-08-30,Matchweek 3,Sat,Home,W,1,0,Nantes,278,370,75.1,5594,1845,83,105,79.0,167,194,86.1,28,63,44.4,1,0.4,0.1,2,12,1,0,20,19:00:00,/en/matches/9db213a2/Nantes-Auxerre-August-30-2025-Ligue-1
2025-09-13,Matchweek 4,Sat,Away,W,2,1,Monaco,527,637,82.7,8562,2770,256,283,90.5,217,247,87.9,33,62,53.2,2,1.3,1.9,12,46,17,6,51,21:05:00,/en/matches/f3a8d388/Auxerre-Monaco-September-13-2025-Ligue-1
2025-09-21,Matchweek 5,Sun,Away,L,0,1,Toulouse,412,485,84.9,7846,2614,149,164,90.9,221,244,90.6,38,68,55.9,0,1.4,1.5,10,36,9,2,42,17:15:00,/en/matches/a2ea8dfd/Auxerre-Toulouse-September-21-2025-Ligue-1
2025-09-27,Matchweek 6,Sat,Home,W,2,0,Paris S-G,631,699,90.3,11050,3270,236,248,95.2,353,377,93.6,34,55,61.8,2,1.7,1.8,14,59,8,2,46,21:05:00,/en/matches/1012a2a6/Paris-Saint-Germain-Auxerre-September-27-2025-Ligue-1
2025-10-04,Matchweek 7,Sat,Away,W,2,1,Lens,341,420,81.2,5585,2237,179,196,91.3,120,140,85.7,31,62,50.0,2,0.4,0.3,6,17,2,0,18,21:05:00,/en/matches/7a29fd59/Auxerre-Lens-October-4-2025-Ligue-1
2025-10-19,Matchweek 8,Sun,Home,D,2,2,Rennes,371,467,79.4,6181,2201,180,207,87.0,155,186,83.3,28,52,53.8,2,1.9,1.2,17,26,14,7,34,17:15:00,/en/matches/4bebc386/Rennes-Auxerre-October-19-2025-Ligue-1
2025-10-26,Matchweek 9,Sun,Away,W,1,0,Le Havre,305,382,79.8,6551,2441,84,91,92.3,163,185,88.1,57,93,61.3,0,0.7,0.8,6,21,6,0,36,17:15:00,/en/matches/b5814fa4/Auxerre-Le-Havre-October-26-2025-Ligue-1
2025-10-29,Matchweek 10,Wed,Home,W,3,0,Strasbourg,646,725,89.1,9772,2971,335,355,94.4,285,307,92.8,17,36,47.2,2,3.1,1.8,11,26,12,0,57,21:05:00,/en/matches/92626eca/Strasbourg-Auxerre-October-29-2025-Ligue-1
2025-11-01,Matchweek 11,Sat,Away,W,1,0,Marseille,440,506,87.0,8420,2948,163,181,90.1,224,243,92.2,50,74,67.6,0,0.3,0.5,3,26,2,1,21,21:05:00,/en/matches/e98babb3/Auxerre-Marseille-November-1-2025-Ligue-1
2025-11-09,Matchweek 12,Sun,Home,W,2,0,Angers,403,495,81.4,6484,2335,212,234,90.6,163,201,81.1,22,46,47.8,0,0.3,0.3,8,18,5,1,27,17:15:00,/en/matches/9575a044/Angers-Auxerre-November-9-2025-Ligue-1
2025-08-17,Matchweek 1,Sun,Away,D,3,3,Lille,388,484,80.2,7041,2464,164,197,83.2,183,202,90.6,34,60,56.7,2,1.3,1.1,8,27,12,2,43,15:00:00,/en/matches/d26fb352/Brest-Lille-August-17-2025-Ligue-1
2025-08-24,Matchweek 2,Sun,Home,W,2,0,Toulouse,336,422,79.6,6221,2219,115,135,85.2,187,207,90.3,28,56,50.0,0,0.2,0.6,4,24,6,1,31,17:15:00,/en/matches/d9a23dcd/Toulouse-Brest-August-24-2025-Ligue-1
2025-08-29,Matchweek 3,Fri,Home,W,3,1,Lens,518,631,82.1,9336,2725,219,256,85.5,249,278,89.6,46,78,59.0,1,1.8,2.4,16,37,17,4,61,20:45:00,/en/matches/ccf514b7/Lens-Brest-August-29-2025-Ligue-1
2025-09-14,Matchweek 4,Sun,Away,W,2,1,Paris FC,428,518,82.6,7196,2597,201,218,92.2,170,186,91.4,44,87,50.6,1,1.1,0.8,5,18,3,1,23,17:15:00,/en/matches/52e5e5bd/Brest-Paris-FC-September-14-2025-Ligue-1
2025-09-20,Matchweek 5,Sat,Away,L,1,4,Nice,568,653,87.0,9075,2930,296,326,90.8,225,241,93.4,33,59,55.9,1,2.2,2.5,19,45,18,4,74,19:00:00,/en/matches/cd6a399a/Brest-Nice-September-20-2025-Ligue-1
2025-09-28,Matchweek 6,Sun,Home,L,0,2,Angers,419,522,80.3,8110,3206,155,179,86.6,214,243,88.1,48,86,55.8,0,0.2,0.9,6,49,14,6,60,17:15:00,/en/matches/40e25494/Angers-Brest-September-28-2025-Ligue-1
2025-10-04,Matchweek 7,Sat,Away,D,0,0,Nantes,349,425,82.1,7043,2420,118,137,86.1,181,198,91.4,46,74,62.2,0,0.1,0.2,4,20,5,1,31,19:00:00,/en/matches/329f92b2/Brest-Nantes-October-4-2025-Ligue-1
2025-10-19,Matchweek 8,Sun,Home,D,3,3,Lorient,352,439,80.2,5578,1845,183,206,88.8,136,155,87.7,22,48,45.8,3,1.2,0.8,11,24,6,6,25,17:15:00,/en/matches/d9620be4/Lorient-Brest-October-19-2025-Ligue-1
2025-10-25,Matchweek 9,Sat,Away,W,3,0,Paris S-G,776,846,91.7,11397,3415,452,473,95.6,263,278,94.6,37,51,72.5,3,1.6,1.5,14,72,13,2,62,17:00:00,/en/matches/c95d53be/Brest-Paris-Saint-Germain-October-25-2025-Ligue-1
2025-10-29,Matchweek 10,Wed,Home,W,1,0,Le Havre,376,466,80.7,6555,2447,172,189,91.0,166,191,86.9,31,69,44.9,1,1.0,0.5,11,37,5,2,43,19:00:00,/en/matches/ee77c6a4/Le-Havre-Brest-October-29-2025-Ligue-1
2025-11-02,Matchweek 11,Sun,Away,D,0,0,Lyon,359,441,81.4,5999,2221,174,190,91.6,137,153,89.5,32,70,45.7,0,0.1,0.2,2,19,4,2,16,20:45:00,/en/matches/167e4077/Brest-Lyon-November-2-2025-Ligue-1
2025-11-08,Matchweek 12,Sat,Home,W,3,0,Marseille,621,689,90.1,10051,3570,319,343,93.0,263,281,93.6,32,48,66.7,1,2.4,1.9,13,61,6,0,60,17:00:00,/en/matches/a42f9bcd/Marseille-Brest-November-8-2025-Ligue-1
2025-08-16,Matchweek 1,Sat,Home,W,3,1,Monaco,665,777,85.6,10441,2890,331,362,91.4,270,301,89.7,39,62,62.9,2,1.5,0.9,8,48,13,0,52,19:00:00,/en/matches/772d8629/Monaco-Le-Havre-August-16-2025-Ligue-1
2025-08-24,Matchweek 2,Sun,Away,W,2,1,Lens,360,430,83.7,5936,2151,187,210,89.0,129,152,84.9,33,51,64.7,1,0.3,0.4,5,25,5,3,27,17:15:00,/en/matches/ecb4ebba/Le-Havre-Lens-August-24-2025-Ligue-1
2025-08-31,Matchweek 3,Sun,Away,L,1,3,Nice,435,528,82.4,7181,2517,215,235,91.5,175,203,86.2,33,58,56.9,1,0.6,1.4,6,45,8,3,42,17:15:00,/en/matches/d7190d58/Le-Havre-Nice-August-31-2025-Ligue-1
2025-09-14,Matchweek 4,Sun,Home,W,1,0,Strasbourg,419,490,85.5,7059,2627,191,202,94.6,181,206,87.9,36,59,61.0,0,0.6,0.8,7,24,8,2,30,17:15:00,/en/matches/78ee6527/Strasbourg-Le-Havre-September-14-2025-Ligue-1
2025-09-21,Matchweek 5,Sun,Away,D,1,1,Lorient,323,411,78.6,5992,2224,137,160,85.6,148,170,87.1,35,66,53.0,1,1.1,0.6,6,30,1,1,30,17:15:00,/en/matches/d6f698f7/Le-Havre-Lorient-September-21-2025-Ligue-1
2025-09-28,Matchweek 6,Sun,Home,D,0,0,Metz,401,463,86.6,7585,2563,157,169,92.9,188,200,94.0,50,81,61.7,0,0.5,0.7,7,27,1,1,25,17:15:00,/en/matches/9c7203aa/Metz-Le-Havre-September-28-2025-Ligue-1
2025-10-05,Matchweek 7,Sun,Away,D,2,2,Rennes,487,595,81.8,8522,2602,220,247,89.1,204,231,88.3,51,88,58.0,1,0.9,0.5,7,36,7,2,54,17:15:00,/en/matches/7bb1158d/Le-Havre-Rennes-October-5-2025-Ligue-1
2025-10-18,Matchweek 8,Sat,Home,W,6,2,Marseille,657,718,91.5,10738,3241,327,344,95.1,276,291,94.8,43,56,76.8,5,3.2,2.6,14,69,10,1,84,21:05:00,/en/matches/0d90c694/Marseille-Le-Havre-October-18-2025-Ligue-1
2025-10-26,Matchweek 9,Sun,Home,L,0,1,Auxerre,314,408,77.0,5941,2205,131,147,89.1,136,170,80.0,39,72,54.2,0,0.4,0.6,9,27,7,3,28,17:15:00,/en/matches/b5814fa4/Auxerre-Le-Havre-October-26-2025-Ligue-1
2025-10-29,Matchweek 10,Wed,Away,L,0,1,Brest,439,545,80.6,9111,3033,143,169,84.6,219,245,89.4,70,110,63.6,0,0.5,0.6,5,30,7,3,24,19:00:00,/en/matches/ee77c6a4/Le-Havre-Brest-October-29-2025-Ligue-1
2025-11-02,Matchweek 11,Sun,Home,D,0,0,Toulouse,288,399,72.2,4771,2104,146,174,83.9,104,144,72.2,29,55,52.7,0,0.7,1.5,12,27,9,3,44,17:15:00,/en/matches/75cf1ad9/Toulouse-Le-Havre-November-2-2025-Ligue-1
2025-11-08,Matchweek 12,Sat,Away,D,1,1,Nantes,207,302,68.5,3897,1600,87,112,77.7,87,106,82.1,28,67,41.8,1,0.2,0.3,4,16,2,0,16,19:00:00,/en/matches/dd1c75e9/Le-Havre-Nantes-November-8-2025-Ligue-1
2025-08-16,Matchweek 1,Sat,Away,W,1,0,Lyon,311,399,77.9,5261,2148,150,169,88.8,125,147,85.0,25,61,41.0,1,1.4,0.9,9,18,7,1,25,17:00:00,/en/matches/5959d3ad/Lens-Lyon-August-16-2025-Ligue-1
2025-08-24,Matchweek 2,Sun,Home,L,1,2,Le Havre,476,591,80.5,8644,2566,190,221,86.0,228,250,91.2,43,81,53.1,0,1.7,1.6,12,31,8,2,38,17:15:00,/en/matches/ecb4ebba/Le-Havre-Lens-August-24-2025-Ligue-1
2025-08-29,Matchweek 3,Fri,Away,L,1,3,Brest,225,313,71.9,4687,2133,95,112,84.8,90,117,76.9,38,72,52.8,1,0.8,0.6,6,24,5,1,17,20:45:00,/en/matches/ccf514b7/Lens-Brest-August-29-2025-Ligue-1
2025-09-14,Matchweek 4,Sun,Home,W,2,0,Paris S-G,743,807,92.1,11674,3431,360,377,95.5,304,316,96.2,46,64,71.9,2,0.9,1.0,11,48,9,1,45,17:15:00,/en/matches/e8f63a9b/Paris-Saint-Germain-Lens-September-14-2025-Ligue-1
2025-09-20,Matchweek 5,Sat,Away,L,0,3,Lille,478,584,81.8,8965,2997,159,188,84.6,262,295,88.8,46,74,62.2,0,1.5,1.4,15,35,10,1,42,21:05:00,/en/matches/f940c93e/Lens-Lille-September-20-2025-Ligue-1
2025-09-28,Matchweek 6,Sun,Home,D,0,0,Rennes,491,575,85.4,8390,2959,234,251,93.2,205,229,89.5,41,64,64.1,0,1.0,1.7,12,63,12,5,72,20:45:00,/en/matches/2516801b/Rennes-Lens-September-28-2025-Ligue-1
2025-10-04,Matchweek 7,Sat,Home,L,1,2,Auxerre,450,560,80.4,8106,2584,192,217,88.5,189,212,89.2,55,101,54.5,0,0.8,1.0,13,32,8,2,43,21:05:00,/en/matches/7a29fd59/Auxerre-Lens-October-4-2025-Ligue-1
2025-10-19,Matchweek 8,Sun,Away,L,1,2,Paris FC,506,604,83.8,9218,3042,202,233,86.7,253,274,92.3,47,76,61.8,1,0.5,0.7,7,22,6,3,26,15:00:00,/en/matches/3c82b9ba/Lens-Paris-FC-October-19-2025-Ligue-1
2025-10-25,Matchweek 9,Sat,Away,L,1,2,Marseille,712,801,88.9,11131,3096,381,411,92.7,281,311,90.4,37,56,66.1,1,0.6,0.8,16,58,5,1,54,21:05:00,/en/matches/401a34e7/Lens-Marseille-October-25-2025-Ligue-1
2025-10-29,Matchweek 10,Wed,Home,W,2,0,Metz,416,489,85.1,7121,2048,172,186,92.5,208,220,94.5,27,68,39.7,1,1.8,1.6,11,26,8,3,24,19:00:00,/en/matches/e7ee16a0/Metz-Lens-October-29-2025-Ligue-1
2025-11-02,Matchweek 11,Sun,Away,L,0,3,Lorient,399,479,83.3,6995,2620,162,190,85.3,197,215,91.6,31,58,53.4,0,0.6,0.7,7,39,5,1,40,17:15:00,/en/matches/537900ec/Lens-Lorient-November-2-2025-Ligue-1
2025-11-08,Matchweek 12,Sat,Home,L,1,4,Monaco,415,506,82.0,7027,2489,198,228,86.8,181,203,89.2,29,52,55.8,0,0.8,1.0,10,32,8,3,36,21:05:00,/en/matches/8351b4ea/Monaco-Lens-November-8-2025-Ligue-1
2025-08-17,Matchweek 1,Sun,Home,D,3,3,Brest,298,411,72.5,5457,1822,129,159,81.1,124,147,84.4,32,73,43.8,2,1.3,1.1,13,19,4,1,26,15:00:00,/en/matches/d26fb352/Brest-Lille-August-17-2025-Ligue-1
2025-08-24,Matchweek 2,Sun,Away,L,0,1,Monaco,363,467,77.7,6126,2159,178,198,89.9,156,190,82.1,26,65,40.0,0,0.7,0.5,4,28,6,2,26,20:45:00,/en/matches/1c61c286/Lille-Monaco-August-24-2025-Ligue-1
2025-08-30,Matchweek 3,Sat,Home,L,1,7,Lorient,323,397,81.4,6144,2441,133,156,85.3,155,172,90.1,35,61,57.4,1,0.5,0.2,2,29,3,0,35,17:00:00,/en/matches/fecb23de/Lorient-Lille-August-30-2025-Ligue-1
2025-09-14,Matchweek 4,Sun,Away,L,1,2,Toulouse,184,264,69.7,3448,1328,80,100,80.0,73,93,78.5,29,60,48.3,0,0.4,0.2,5,13,2,1,18,15:00:00,/en/matches/6c0057cb/Lille-Toulouse-September-14-2025-Ligue-1
2025-09-20,Matchweek 5,Sat,Home,W,3,0,Lens,278,366,76.0,5014,1986,132,155,85.2,106,124,85.5,35,66,53.0,1,2.4,1.2,11,14,6,1,28,21:05:00,/en/matches/f940c93e/Lens-Lille-September-20-2025-Ligue-1
2025-09-28,Matchweek 6,Sun,Away,W,1,0,Lyon,318,397,80.1,5840,2199,140,152,92.1,135,155,87.1,36,61,59.0,1,0.4,0.7,3,22,7,1,24,17:15:00,/en/matches/ee984aec/Lille-Lyon-September-28-2025-Ligue-1
2025-10-05,Matchweek 7,Sun,Away,D,1,1,Paris S-G,615,679,90.6,10269,2669,288,306,94.1,288,305,94.4,36,56,64.3,0,1.4,0.8,14,33,4,0,34,20:45:00,/en/matches/d476968b/Lille-Paris-Saint-Germain-October-5-2025-Ligue-1
2025-10-19,Matchweek 8,Sun,Home,L,0,2,Nantes,247,340,72.6,5194,1984,65,84,77.4,141,160,88.1,36,83,43.4,0,0.4,0.6,5,22,7,3,23,20:45:00,/en/matches/98c265c0/Nantes-Lille-October-19-2025-Ligue-1
2025-10-26,Matchweek 9,Sun,Away,L,1,6,Metz,274,364,75.3,5313,2188,115,130,88.5,108,124,87.1,43,90,47.8,1,1.0,1.4,7,25,7,6,24,15:00:00,/en/matches/513ba656/Lille-Metz-October-26-2025-Ligue-1
2025-10-29,Matchweek 10,Wed,Home,W,2,0,Nice,237,315,75.2,4582,2014,91,109,83.5,116,144,80.6,29,54,53.7,1,0.9,0.5,6,13,3,0,22,19:00:00,/en/matches/79a943de/Nice-Lille-October-29-2025-Ligue-1
2025-11-02,Matchweek 11,Sun,Away,L,0,1,Angers,421,510,82.5,7329,2449,181,198,91.4,193,220,87.7,36,64,56.3,0,0.2,0.2,4,23,4,0,34,17:15:00,/en/matches/990dd8fe/Lille-Angers-November-2-2025-Ligue-1
2025-11-09,Matchweek 12,Sun,Home,W,2,0,Strasbourg,303,383,79.1,6095,2435,100,113,88.5,163,190,85.8,39,71,54.9,0,0.0,0.1,1,13,1,0,20,17:15:00,/en/matches/9ec5732e/Strasbourg-Lille-November-9-2025-Ligue-1
2025-08-17,Matchweek 1,Sun,Home,W,1,0,Auxerre,305,386,79.0,5790,1985,119,134,88.8,152,175,86.9,30,66,45.5,1,0.3,0.2,4,27,3,0,27,17:15:00,/en/matches/460d3465/Auxerre-Lorient-August-17-2025-Ligue-1
2025-08-24,Matchweek 2,Sun,Away,L,0,4,Rennes,429,503,85.3,8117,2695,149,163,91.4,235,253,92.9,41,77,53.2,0,0.1,0.1,3,29,3,0,24,15:00:00,/en/matches/c085ae64/Lorient-Rennes-August-24-2025-Ligue-1
2025-08-30,Matchweek 3,Sat,Away,W,7,1,Lille,485,570,85.1,8712,2733,188,212,88.7,257,281,91.5,34,55,61.8,5,2.1,1.4,12,33,8,0,53,17:00:00,/en/matches/fecb23de/Lorient-Lille-August-30-2025-Ligue-1
2025-09-12,Matchweek 4,Fri,Home,W,4,0,Marseille,766,834,91.8,11372,2838,373,395,94.4,292,314,93.0,38,48,79.2,2,1.4,2.3,13,99,16,2,63,20:45:00,/en/matches/eaff4ee4/Marseille-Lorient-September-12-2025-Ligue-1
2025-09-21,Matchweek 5,Sun,Home,D,1,1,Le Havre,504,617,81.7,9452,2439,172,195,88.2,282,308,91.6,42,85,49.4,1,1.7,1.6,11,41,8,4,49,17:15:00,/en/matches/d6f698f7/Le-Havre-Lorient-September-21-2025-Ligue-1
2025-09-27,Matchweek 6,Sat,Away,L,1,3,Monaco,540,614,87.9,9882,2584,198,213,93.0,285,304,93.8,51,78,65.4,0,0.1,0.5,3,61,7,1,57,17:00:00,/en/matches/ce237644/Lorient-Monaco-September-27-2025-Ligue-1
2025-10-03,Matchweek 7,Fri,Home,W,2,0,Paris FC,613,684,89.6,11828,3279,220,245,89.8,331,355,93.2,58,74,78.4,2,0.9,1.5,9,47,5,0,42,20:45:00,/en/matches/9c3f352c/Paris-FC-Lorient-October-3-2025-Ligue-1
2025-10-19,Matchweek 8,Sun,Away,D,3,3,Brest,361,441,81.9,7309,2147,121,136,89.0,193,220,87.7,46,82,56.1,1,0.8,0.6,7,27,10,2,33,17:15:00,/en/matches/d9620be4/Lorient-Brest-October-19-2025-Ligue-1
2025-10-26,Matchweek 9,Sun,Home,W,2,0,Angers,338,403,83.9,5602,2228,180,197,91.4,125,137,91.2,25,50,50.0,2,1.1,0.5,7,12,5,1,20,17:15:00,/en/matches/57e8593d/Angers-Lorient-October-26-2025-Ligue-1
2025-10-29,Matchweek 10,Wed,Away,D,1,1,Paris S-G,798,869,91.8,14150,3584,334,350,95.4,389,409,95.1,65,87,74.7,0,0.6,1.8,11,103,10,3,88,19:00:00,/en/matches/fae0cebf/Lorient-Paris-Saint-Germain-October-29-2025-Ligue-1
2025-11-02,Matchweek 11,Sun,Home,W,3,0,Lens,584,668,87.4,10750,3000,236,261,90.4,294,312,94.2,54,84,64.3,3,2.1,1.7,9,47,4,0,34,17:15:00,/en/matches/537900ec/Lens-Lorient-November-2-2025-Ligue-1
2025-11-09,Matchweek 12,Sun,Away,D,1,1,Toulouse,369,458,80.6,6921,2350,134,161,83.2,209,233,89.7,26,51,51.0,0,0.4,0.6,4,26,5,0,48,15:00:00,/en/matches/3b9a668d/Lorient-Toulouse-November-9-2025-Ligue-1
2025-08-16,Matchweek 1,Sat,Home,L,0,1,Lens,405,509,79.6,7524,2875,168,194,86.6,187,212,88.2,43,73,58.9,0,1.2,1.4,14,31,17,2,58,17:00:00,/en/matches/5959d3ad/Lens-Lyon-August-16-2025-Ligue-1
2025-08-23,Matchweek 2,Sat,Away,L,0,3,Metz,462,518,89.2,8828,2822,205,214,95.8,188,205,91.7,62,82,75.6,0,0.4,0.5,8,28,5,4,28,21:05:00,/en/matches/6df797c8/Lyon-Metz-August-23-2025-Ligue-1
2025-08-31,Matchweek 3,Sun,Away,L,0,1,Marseille,274,359,76.3,5389,1716,98,110,89.1,138,158,87.3,36,75,48.0,0,0.3,0.4,3,13,6,0,20,20:45:00,/en/matches/2e7d7c7d/Choc-des-Olympiques-Lyon-Marseille-August-31-2025-Ligue-1
2025-09-14,Matchweek 4,Sun,Home,W,3,1,Rennes,406,489,83.0,6759,2196,191,208,91.8,183,209,87.6,22,44,50.0,2,1.7,1.1,17,41,6,1,57,20:45:00,/en/matches/e8a7d6a7/Rennes-Lyon-September-14-2025-Ligue-1
2025-09-19,Matchweek 5,Fri,Away,L,0,1,Angers,241,313,77.0,4222,1584,105,118,89.0,96,120,80.0,29,50,58.0,0,0.6,0.4,7,10,3,2,19,20:45:00,/en/matches/3d321db7/Lyon-Angers-September-19-2025-Ligue-1
2025-09-28,Matchweek 6,Sun,Home,L,0,1,Lille,376,464,81.0,6681,2449,163,185,88.1,167,197,84.8,38,60,63.3,0,1.2,1.6,11,40,7,2,53,17:15:00,/en/matches/ee984aec/Lille-Lyon-September-28-2025-Ligue-1
2025-10-05,Matchweek 7,Sun,Away,W,2,1,Toulouse,198,285,69.5,3892,1872,80,103,77.7,87,107,81.3,27,53,50.9,1,1.2,1.1,14,18,4,1,27,15:00:00,/en/matches/60ecc64f/Lyon-Toulouse-October-5-2025-Ligue-1
2025-10-18,Matchweek 8,Sat,Home,W,3,2,Nice,206,279,73.8,3610,1513,99,114,86.8,74,92,80.4,26,57,45.6,3,0.7,0.2,4,21,5,2,16,17:00:00,/en/matches/b4b8f430/Nice-Lyon-October-18-2025-Ligue-1
2025-10-26,Matchweek 9,Sun,Away,L,1,2,Strasbourg,383,461,83.1,6208,2087,183,206,88.8,165,183,90.2,24,48,50.0,1,0.5,0.9,7,14,3,1,22,20:45:00,/en/matches/cd22fe80/Lyon-Strasbourg-October-26-2025-Ligue-1
2025-10-29,Matchweek 10,Wed,Home,D,3,3,Paris FC,414,499,83.0,7957,2483,157,173,90.8,205,233,88.0,49,76,64.5,2,0.6,0.8,9,31,9,4,37,21:05:00,/en/matches/43400423/Paris-FC-Lyon-October-29-2025-Ligue-1
2025-11-02,Matchweek 11,Sun,Home,D,0,0,Brest,342,439,77.9,6771,2166,121,139,87.1,172,202,85.1,44,78,56.4,0,1.0,1.0,7,34,10,5,40,20:45:00,/en/matches/167e4077/Brest-Lyon-November-2-2025-Ligue-1
2025-11-09,Matchweek 12,Sun,Away,W,3,2,Paris S-G,685,769,89.1,11676,2513,295,314,93.9,340,367,92.6,40,66,60.6,3,1.4,1.2,8,44,7,2,39,20:45:00,/en/matches/76c23d28/Lyon-Paris-Saint-Germain-November-9-2025-Ligue-1
2025-08-15,Matchweek 1,Fri,Home,W,1,0,Rennes,234,305,76.7,4265,1625,111,123,90.2,94,107,87.9,27,57,47.4,1,1.3,0.3,8,15,5,0,11,20:45:00,/en/matches/fbd5fc84/Rennes-Marseille-August-15-2025-Ligue-1
2025-08-23,Matchweek 2,Sat,Away,L,2,5,Paris FC,360,414,87.0,6724,2199,135,143,94.4,183,191,95.8,36,67,53.7,1,1.0,1.1,5,14,2,1,24,17:00:00,/en/matches/7c56af85/Marseille-Paris-FC-August-23-2025-Ligue-1
2025-08-31,Matchweek 3,Sun,Home,W,1,0,Lyon,397,483,82.2,7076,2186,171,185,92.4,172,195,88.2,41,75,54.7,0,1.1,1.1,13,44,10,4,51,20:45:00,/en/matches/2e7d7c7d/Choc-des-Olympiques-Lyon-Marseille-August-31-2025-Ligue-1
2025-09-12,Matchweek 4,Fri,Away,L,0,4,Lorient,272,323,84.2,4379,1555,153,160,95.6,87,102,85.3,25,48,52.1,0,0.1,0.1,2,10,1,0,12,20:45:00,/en/matches/eaff4ee4/Marseille-Lorient-September-12-2025-Ligue-1
2025-09-22,Matchweek 5,Mon,Away,L,0,1,Paris S-G,631,703,89.8,10104,2931,317,339,93.5,258,276,93.5,38,56,67.9,0,0.4,0.6,10,43,4,0,49,20:00:00,/en/matches/e53e3ae2/Marseille-Paris-Saint-Germain-September-22-2025-Ligue-1
2025-09-26,Matchweek 6,Fri,Home,L,1,2,Strasbourg,337,420,80.2,5390,1904,163,189,86.2,128,148,86.5,20,47,42.6,1,1.3,1.1,6,10,9,4,18,20:45:00,/en/matches/13d407ad/Strasbourg-Marseille-September-26-2025-Ligue-1
2025-10-04,Matchweek 7,Sat,Home,L,0,3,Metz,340,410,82.9,6332,2224,131,142,92.3,175,189,92.6,33,64,51.6,0,0.1,0.3,4,17,6,1,27,17:00:00,/en/matches/0dfe9c56/Metz-Marseille-October-4-2025-Ligue-1
2025-10-18,Matchweek 8,Sat,Away,L,2,6,Le Havre,194,262,74.0,3459,1411,93,101,92.1,76,91,83.5,18,57,31.6,2,0.3,0.1,5,5,2,1,15,21:05:00,/en/matches/0d90c694/Marseille-Le-Havre-October-18-2025-Ligue-1
2025-10-25,Matchweek 9,Sat,Home,W,2,1,Lens,290,376,77.1,4811,1931,157,181,86.7,105,131,80.2,24,46,52.2,0,1.0,0.6,7,20,5,2,23,21:05:00,/en/matches/401a34e7/Lens-Marseille-October-25-2025-Ligue-1
2025-10-29,Matchweek 10,Wed,Away,D,2,2,Angers,374,470,79.6,5970,2138,184,205,89.8,151,174,86.8,25,62,40.3,0,0.8,0.5,9,17,6,1,23,21:05:00,/en/matches/4e9cae04/Marseille-Angers-October-29-2025-Ligue-1
2025-11-01,Matchweek 11,Sat,Home,L,0,1,Auxerre,408,489,83.4,7487,2613,161,178,90.4,174,193,90.2,53,78,67.9,0,1.1,0.6,8,32,8,1,46,21:05:00,/en/matches/e98babb3/Auxerre-Marseille-November-1-2025-Ligue-1
2025-11-08,Matchweek 12,Sat,Away,L,0,3,Brest,324,406,79.8,6449,2440,122,141,86.5,150,172,87.2,48,78,61.5,0,0.9,0.7,4,13,5,0,26,17:00:00,/en/matches/a42f9bcd/Marseille-Brest-November-8-2025-Ligue-1
2025-08-17,Matchweek 1,Sun,Away,W,1,0,Strasbourg,546,635,86.0,9395,2976,238,260,91.5,271,303,89.4,33,54,61.1,1,0.3,0.7,4,50,8,1,65,17:15:00,/en/matches/df64d32a/Metz-Strasbourg-August-17-2025-Ligue-1
2025-08-23,Matchweek 2,Sat,Home,W,3,0,Lyon,527,576,91.5,8163,2579,290,300,96.7,193,206,93.7,30,43,69.8,2,2.0,1.4,11,25,5,2,34,21:05:00,/en/matches/6df797c8/Lyon-Metz-August-23-2025-Ligue-1
2025-08-31,Matchweek 3,Sun,Home,W,3,2,Paris FC,451,532,84.8,8027,2786,193,216,89.4,206,227,90.7,42,67,62.7,2,2.1,1.6,19,25,12,2,52,17:15:00,/en/matches/adae2347/Paris-FC-Metz-August-31-2025-Ligue-1
2025-09-14,Matchweek 4,Sun,Away,D,1,1,Angers,409,476,85.9,7006,2614,187,203,92.1,178,191,93.2,34,55,61.8,0,1.5,1.2,8,24,6,1,34,17:15:00,/en/matches/80b1df7f/Metz-Angers-September-14-2025-Ligue-1
2025-09-21,Matchweek 5,Sun,Home,W,5,2,Monaco,369,452,81.6,6019,2249,178,202,88.1,149,170,87.6,27,50,54.0,4,2.9,2.2,11,35,10,2,41,17:15:00,/en/matches/08aea0af/Monaco-Metz-September-21-2025-Ligue-1
2025-09-28,Matchweek 6,Sun,Away,D,0,0,Le Havre,335,420,79.8,6252,2314,132,151,87.4,160,180,88.9,35,71,49.3,0,0.0,0.4,2,28,3,1,33,17:15:00,/en/matches/9c7203aa/Metz-Le-Havre-September-28-2025-Ligue-1
2025-10-04,Matchweek 7,Sat,Away,W,3,0,Marseille,600,663,90.5,9074,2805,299,314,95.2,235,251,93.6,30,48,62.5,3,2.6,2.1,17,38,15,0,50,17:00:00,/en/matches/0dfe9c56/Metz-Marseille-October-4-2025-Ligue-1
2025-10-19,Matchweek 8,Sun,Home,W,4,0,Toulouse,300,363,82.6,5016,1978,143,156,91.7,129,153,84.3,19,35,54.3,3,1.8,1.0,15,28,6,4,39,17:15:00,/en/matches/c8f84615/Toulouse-Metz-October-19-2025-Ligue-1
2025-10-26,Matchweek 9,Sun,Home,W,6,1,Lille,504,590,85.4,8672,2964,225,249,90.4,239,264,90.5,34,55,61.8,5,2.8,2.0,21,45,15,1,63,15:00:00,/en/matches/513ba656/Lille-Metz-October-26-2025-Ligue-1
2025-10-29,Matchweek 10,Wed,Away,L,0,2,Lens,483,568,85.0,8961,3013,204,229,89.1,230,251,91.6,49,76,64.5,0,1.3,1.5,10,41,9,2,57,19:00:00,/en/matches/e7ee16a0/Metz-Lens-October-29-2025-Ligue-1
2025-11-02,Matchweek 11,Sun,Home,L,0,2,Nantes,334,415,80.5,6379,2266,109,125,87.2,191,211,90.5,30,62,48.4,0,0.5,0.8,9,29,6,3,32,17:15:00,/en/matches/1d6a5a0b/Nantes-Metz-November-2-2025-Ligue-1
2025-11-09,Matchweek 12,Sun,Away,L,1,2,Nice,416,474,87.8,6834,2581,211,222,95.0,150,169,88.8,42,58,72.4,1,0.9,1.5,11,15,11,8,24,17:15:00,/en/matches/958a0a33/Metz-Nice-November-9-2025-Ligue-1
2025-08-16,Matchweek 1,Sat,Away,L,1,3,Le Havre,190,274,69.3,3747,1590,60,70,85.7,107,136,78.7,18,53,34.0,1,0.5,0.2,6,14,1,1,20,19:00:00,/en/matches/772d8629/Monaco-Le-Havre-August-16-2025-Ligue-1
2025-08-24,Matchweek 2,Sun,Home,W,1,0,Lille,368,467,78.8,6757,2480,145,165,87.9,159,184,86.4,47,70,67.1,1,2.1,1.5,15,35,9,2,34,20:45:00,/en/matches/1c61c286/Lille-Monaco-August-24-2025-Ligue-1
2025-08-31,Matchweek 3,Sun,Away,L,2,3,Strasbourg,480,560,85.7,7743,2801,229,249,92.0,193,221,87.3,36,52,69.2,1,0.8,1.2,10,34,15,1,61,17:15:00,/en/matches/9fadc7e1/Monaco-Strasbourg-August-31-2025-Ligue-1
2025-09-13,Matchweek 4,Sat,Home,L,1,2,Auxerre,211,304,69.4,4116,1998,86,106,81.1,93,121,76.9,28,64,43.8,0,0.8,0.7,7,30,4,1,26,21:05:00,/en/matches/f3a8d388/Auxerre-Monaco-September-13-2025-Ligue-1
2025-09-21,Matchweek 5,Sun,Away,L,2,5,Metz,485,587,82.6,8214,2621,222,239,92.9,189,224,84.4,48,78,61.5,1,1.4,0.6,7,22,6,1,29,17:15:00,/en/matches/08aea0af/Monaco-Metz-September-21-2025-Ligue-1
2025-09-27,Matchweek 6,Sat,Home,W,3,1,Lorient,473,550,86.0,9115,3225,174,197,88.3,242,268,90.3,55,76,72.4,2,1.3,1.6,12,41,12,2,52,17:00:00,/en/matches/ce237644/Lorient-Monaco-September-27-2025-Ligue-1
2025-10-05,Matchweek 7,Sun,Away,D,2,2,Nice,205,311,65.9,3616,1521,99,118,83.9,81,103,78.6,18,65,27.7,1,0.3,0.3,7,18,7,1,22,17:15:00,/en/matches/93639c78/Monaco-Nice-October-5-2025-Ligue-1
2025-10-18,Matchweek 8,Sat,Home,D,1,1,Angers,347,436,79.6,5850,1978,161,174,92.5,134,152,88.2,36,80,45.0,1,1.6,1.7,12,11,7,2,28,19:00:00,/en/matches/aeed11a9/Angers-Monaco-October-18-2025-Ligue-1
2025-10-25,Matchweek 9,Sat,Away,L,0,1,Toulouse,268,395,67.8,5180,2308,105,132,79.5,119,156,76.3,38,82,46.3,0,0.5,1.0,8,32,10,3,47,19:00:00,/en/matches/fe7036bb/Monaco-Toulouse-October-25-2025-Ligue-1
2025-10-29,Matchweek 10,Wed,Home,L,3,5,Nantes,316,421,75.1,6190,2444,111,135,82.2,159,188,84.6,39,75,52.0,1,0.9,0.6,13,27,8,2,35,21:05:00,/en/matches/61307c58/Nantes-Monaco-October-29-2025-Ligue-1
2025-11-01,Matchweek 11,Sat,Away,W,1,0,Paris FC,352,448,78.6,6594,2185,162,189,85.7,147,167,88.0,42,89,47.2,1,0.9,0.8,7,31,3,2,17,19:00:00,/en/matches/a6e9b50e/Monaco-Paris-FC-November-1-2025-Ligue-1
2025-11-08,Matchweek 12,Sat,Away,W,4,1,Lens,417,498,83.7,7399,2998,167,188,88.8,203,228,89.0,37,58,63.8,3,2.8,1.8,16,31,11,3,34,21:05:00,/en/matches/8351b4ea/Monaco-Lens-November-8-2025-Ligue-1
2025-08-17,Matchweek 1,Sun,Away,W,1,0,Paris S-G,703,787,89.3,11647,3265,354,382,92.7,279,296,94.3,53,74,71.6,1,1.4,1.7,17,87,14,2,85,20:45:00,/en/matches/8ed2fa41/Nantes-Paris-Saint-Germain-August-17-2025-Ligue-1
2025-08-24,Matchweek 2,Sun,Home,W,1,0,Strasbourg,418,496,84.3,7524,2385,162,178,91.0,204,227,89.9,42,68,61.8,1,1.6,0.8,12,34,7,1,50,17:15:00,/en/matches/f5b0aa33/Strasbourg-Nantes-August-24-2025-Ligue-1
2025-08-30,Matchweek 3,Sat,Away,L,0,1,Auxerre,401,506,79.2,7907,2545,145,167,86.8,194,219,88.6,55,95,57.9,0,0.5,0.8,11,45,8,3,39,19:00:00,/en/matches/9db213a2/Nantes-Auxerre-August-30-2025-Ligue-1
2025-09-13,Matchweek 4,Sat,Home,W,1,0,Nice,454,545,83.3,7393,2491,217,231,93.9,193,216,89.4,27,63,42.9,1,1.3,0.9,16,44,11,8,28,17:00:00,/en/matches/3bd330c7/Nice-Nantes-September-13-2025-Ligue-1
2025-09-20,Matchweek 5,Sat,Away,D,2,2,Rennes,452,539,83.9,8208,2649,179,197,90.9,233,253,92.1,36,72,50.0,1,0.5,0.5,5,47,5,0,38,17:00:00,/en/matches/23cfe985/Nantes-Rennes-September-20-2025-Ligue-1
2025-09-27,Matchweek 6,Sat,Home,D,2,2,Toulouse,353,440,80.2,6148,2327,164,185,88.6,147,167,88.0,31,63,49.2,1,1.1,1.5,12,27,13,4,39,19:00:00,/en/matches/30f98e8d/Toulouse-Nantes-September-27-2025-Ligue-1
2025-10-04,Matchweek 7,Sat,Home,D,0,0,Brest,347,440,78.9,7534,2836,108,126,85.7,163,181,90.1,69,112,61.6,0,1.3,1.5,12,30,12,6,44,19:00:00,/en/matches/329f92b2/Brest-Nantes-October-4-2025-Ligue-1
2025-10-19,Matchweek 8,Sun,Away,W,2,0,Lille,494,581,85.0,8633,2662,214,227,94.3,229,259,88.4,39,63,61.9,2,2.1,1.7,19,31,15,3,54,20:45:00,/en/matches/98c265c0/Nantes-Lille-October-19-2025-Ligue-1
2025-10-24,Matchweek 9,Fri,Home,L,1,2,Paris FC,516,614,84.0,8456,2990,245,266,92.1,220,241,91.3,35,74,47.3,1,1.1,1.1,12,43,11,2,54,20:45:00,/en/matches/e38cdc1f/Paris-FC-Nantes-October-24-2025-Ligue-1
2025-10-29,Matchweek 10,Wed,Away,W,5,3,Monaco,344,427,80.6,5777,2471,175,197,88.8,133,157,84.7,28,49,57.1,4,3.1,1.9,15,24,15,1,42,21:05:00,/en/matches/61307c58/Nantes-Monaco-October-29-2025-Ligue-1
2025-11-02,Matchweek 11,Sun,Away,W,2,0,Metz,295,373,79.1,5591,2198,119,131,90.8,133,151,88.1,33,66,50.0,1,1.1,0.6,11,16,6,2,23,17:15:00,/en/matches/1d6a5a0b/Nantes-Metz-November-2-2025-Ligue-1
2025-11-08,Matchweek 12,Sat,Home,D,1,1,Le Havre,435,544,80.0,7573,2482,176,194,90.7,198,225,88.0,40,83,48.2,1,0.7,2.1,13,44,16,9,57,19:00:00,/en/matches/dd1c75e9/Le-Havre-Nantes-November-8-2025-Ligue-1
2025-08-16,Matchweek 1,Sat,Away,W,1,0,Toulouse,319,388,82.2,6135,2255,127,139,91.4,158,181,87.3,34,60,56.7,1,0.6,0.9,9,33,11,2,26,21:05:00,/en/matches/086666a1/Nice-Toulouse-August-16-2025-Ligue-1
2025-08-23,Matchweek 2,Sat,Away,L,1,3,Auxerre,328,420,78.1,5646,1821,152,176,86.4,134,152,88.2,33,73,45.2,1,1.2,0.7,8,22,4,1,24,19:00:00,/en/matches/1a63326e/Nice-Auxerre-August-23-2025-Ligue-1
2025-08-31,Matchweek 3,Sun,Home,W,3,1,Le Havre,288,381,75.6,6021,2066,89,100,89.0,146,167,87.4,48,94,51.1,2,2.1,1.3,9,15,9,5,17,17:15:00,/en/matches/d7190d58/Le-Havre-Nice-August-31-2025-Ligue-1
2025-09-13,Matchweek 4,Sat,Away,L,0,1,Nantes,296,380,77.9,5542,2189,128,151,84.8,123,146,84.2,39,68,57.4,0,0.7,0.8,12,20,6,1,20,17:00:00,/en/matches/3bd330c7/Nice-Nantes-September-13-2025-Ligue-1
2025-09-20,Matchweek 5,Sat,Home,W,4,1,Brest,306,399,76.7,6276,2835,125,142,88.0,128,154,83.1,49,85,57.6,4,2.0,1.0,9,25,3,2,13,19:00:00,/en/matches/cd6a399a/Brest-Nice-September-20-2025-Ligue-1
2025-09-28,Matchweek 6,Sun,Away,D,1,1,Paris FC,463,551,84.0,8779,2893,158,174,90.8,256,278,92.1,43,82,52.4,0,0.6,0.8,9,31,8,3,40,15:00:00,/en/matches/5be99991/Nice-Paris-FC-September-28-2025-Ligue-1
2025-10-05,Matchweek 7,Sun,Home,D,2,2,Monaco,479,582,82.3,8206,2813,195,219,89.0,233,275,84.7,37,57,64.9,0,1.2,2.1,15,45,17,4,67,17:15:00,/en/matches/93639c78/Monaco-Nice-October-5-2025-Ligue-1
2025-10-18,Matchweek 8,Sat,Away,L,2,3,Lyon,507,615,82.4,8938,2876,223,250,89.2,241,269,89.6,38,78,48.7,1,1.5,2.0,16,48,16,3,63,17:00:00,/en/matches/b4b8f430/Nice-Lyon-October-18-2025-Ligue-1
2025-10-26,Matchweek 9,Sun,Home,L,1,2,Rennes,446,536,83.2,7208,2545,206,228,90.4,178,198,89.9,37,69,53.6,1,1.4,1.3,14,38,8,3,45,17:15:00,/en/matches/b111d632/Rennes-Nice-October-26-2025-Ligue-1
2025-10-29,Matchweek 10,Wed,Away,L,0,2,Lille,544,655,83.1,9754,3023,223,252,88.5,264,289,91.3,50,86,58.1,0,0.9,1.1,17,55,16,3,79,19:00:00,/en/matches/79a943de/Nice-Lille-October-29-2025-Ligue-1
2025-11-01,Matchweek 11,Sat,Home,W,1,0,Paris S-G,805,874,92.1,14583,3778,342,365,93.7,371,391,94.9,87,103,84.5,1,2.1,3.4,24,100,32,8,112,17:00:00,/en/matches/3f271d67/Paris-Saint-Germain-Nice-November-1-2025-Ligue-1
2025-11-09,Matchweek 12,Sun,Home,W,2,1,Metz,379,469,80.8,7838,2651,140,157,89.2,169,192,88.0,65,102,63.7,1,0.8,0.3,6,21,5,1,23,17:15:00,/en/matches/958a0a33/Metz-Nice-November-9-2025-Ligue-1
2025-08-17,Matchweek 1,Sun,Home,W,1,0,Angers,222,307,72.3,4596,2098,93,109,85.3,100,127,78.7,29,69,42.0,1,0.7,0.4,5,15,4,0,20,17:15:00,/en/matches/c69996e3/Angers-Paris-FC-August-17-2025-Ligue-1
2025-08-23,Matchweek 2,Sat,Home,W,5,2,Marseille,563,624,90.2,9536,2851,240,260,92.3,274,291,94.2,33,51,64.7,4,1.2,0.8,9,44,9,1,47,17:00:00,/en/matches/7c56af85/Marseille-Paris-FC-August-23-2025-Ligue-1
2025-08-31,Matchweek 3,Sun,Away,L,2,3,Metz,432,509,84.9,8028,2402,175,186,94.1,210,232,90.5,42,74,56.8,2,1.8,1.1,13,21,2,0,30,17:15:00,/en/matches/adae2347/Paris-FC-Metz-August-31-2025-Ligue-1
2025-09-14,Matchweek 4,Sun,Home,L,1,2,Brest,351,460,76.3,7352,2541,106,135,78.5,180,209,86.1,61,97,62.9,0,0.6,0.9,9,31,10,4,42,17:15:00,/en/matches/52e5e5bd/Brest-Paris-FC-September-14-2025-Ligue-1
2025-09-21,Matchweek 5,Sun,Away,W,3,2,Strasbourg,365,443,82.4,6001,2185,184,199,92.5,142,156,91.0,30,63,47.6,3,2.4,0.8,8,14,8,1,27,15:00:00,/en/matches/08bc19be/Paris-FC-Strasbourg-September-21-2025-Ligue-1
2025-09-28,Matchweek 6,Sun,Home,D,1,1,Nice,340,426,79.8,5689,1994,165,187,88.2,142,168,84.5,24,48,50.0,1,0.9,0.9,6,19,3,1,36,15:00:00,/en/matches/5be99991/Nice-Paris-FC-September-28-2025-Ligue-1
2025-10-03,Matchweek 7,Fri,Away,L,0,2,Lorient,406,495,82.0,7111,2296,180,202,89.1,195,218,89.4,27,60,45.0,0,0.7,0.6,7,20,6,2,25,20:45:00,/en/matches/9c3f352c/Paris-FC-Lorient-October-3-2025-Ligue-1
2025-10-19,Matchweek 8,Sun,Home,W,2,1,Lens,356,459,77.6,6504,2573,157,185,84.9,145,176,82.4,49,78,62.8,2,0.8,1.3,9,38,15,5,55,15:00:00,/en/matches/3c82b9ba/Lens-Paris-FC-October-19-2025-Ligue-1
2025-10-24,Matchweek 9,Fri,Away,W,2,1,Nantes,220,297,74.1,4221,2035,87,100,87.0,102,124,82.3,25,59,42.4,1,0.7,0.3,7,13,6,1,16,20:45:00,/en/matches/e38cdc1f/Paris-FC-Nantes-October-24-2025-Ligue-1
2025-10-29,Matchweek 10,Wed,Away,D,3,3,Lyon,388,464,83.6,7641,2314,134,151,88.7,210,228,92.1,40,68,58.8,3,1.2,1.1,4,25,3,1,25,21:05:00,/en/matches/43400423/Paris-FC-Lyon-October-29-2025-Ligue-1
2025-11-01,Matchweek 11,Sat,Home,L,0,1,Monaco,452,564,80.1,7295,2479,205,228,89.9,209,247,84.6,24,51,47.1,0,0.6,0.7,6,35,5,0,48,19:00:00,/en/matches/a6e9b50e/Monaco-Paris-FC-November-1-2025-Ligue-1
2025-11-07,Matchweek 12,Fri,Away,W,1,0,Rennes,353,449,78.6,5679,2064,177,201,88.1,152,172,88.4,20,58,34.5,1,0.9,0.5,7,28,3,0,37,20:45:00,/en/matches/3feea3e9/Paris-FC-Rennes-November-7-2025-Ligue-1
2025-08-17,Matchweek 1,Sun,Home,L,0,1,Nantes,244,331,73.7,4663,2106,104,120,86.7,108,131,82.4,29,64,45.3,0,0.1,0.1,5,11,4,1,19,20:45:00,/en/matches/8ed2fa41/Nantes-Paris-Saint-Germain-August-17-2025-Ligue-1
2025-08-22,Matchweek 2,Fri,Away,L,0,1,Angers,153,210,72.9,2585,1201,81,92,88.0,47,61,77.0,17,40,42.5,0,0.2,0.4,3,3,3,2,5,20:45:00,/en/matches/d1b5836d/Paris-Saint-Germain-Angers-August-22-2025-Ligue-1
2025-08-30,Matchweek 3,Sat,Home,L,3,6,Toulouse,219,290,75.5,4286,1958,95,109,87.2,84,110,76.4,35,54,64.8,1,0.5,0.6,6,19,5,1,19,21:05:00,/en/matches/3a38fbf2/Toulouse-Paris-Saint-Germain-August-30-2025-Ligue-1
2025-09-14,Matchweek 4,Sun,Away,L,0,2,Lens,307,374,82.1,5012,1920,156,170,91.8,123,138,89.1,22,41,53.7,0,0.8,0.5,9,16,5,2,20,17:15:00,/en/matches/e8f63a9b/Paris-Saint-Germain-Lens-September-14-2025-Ligue-1
2025-09-22,Matchweek 5,Mon,Home,W,1,0,Marseille,260,338,76.9,5002,2304,116,134,86.6,98,125,78.4,42,60,70.0,0,0.9,1.3,7,21,5,0,24,20:00:00,/en/matches/e53e3ae2/Marseille-Paris-Saint-Germain-September-22-2025-Ligue-1
2025-09-27,Matchweek 6,Sat,Away,L,0,2,Auxerre,277,366,75.7,4618,2024,149,172,86.6,95,113,84.1,28,57,49.1,0,0.5,0.5,8,26,5,1,28,21:05:00,/en/matches/1012a2a6/Paris-Saint-Germain-Auxerre-September-27-2025-Ligue-1
2025-10-05,Matchweek 7,Sun,Home,D,1,1,Lille,340,423,80.4,6447,2387,146,164,89.0,155,182,85.2,37,56,66.1,1,0.4,1.4,8,24,7,3,33,20:45:00,/en/matches/d476968b/Lille-Paris-Saint-Germain-October-5-2025-Ligue-1
2025-10-17,Matchweek 8,Fri,Away,D,3,3,Strasbourg,269,333,80.8,4608,1947,116,129,89.9,122,140,87.1,21,41,51.2,3,2.1,1.1,11,16,8,2,27,20:45:00,/en/matches/99baddf3/Paris-Saint-Germain-Strasbourg-October-17-2025-Ligue-1
2025-10-25,Matchweek 9,Sat,Home,L,0,3,Brest,206,286,72.0,4661,2196,82,100,82.0,76,96,79.2,47,78,60.3,0,0.8,0.5,6,14,2,0,19,17:00:00,/en/matches/c95d53be/Brest-Paris-Saint-Germain-October-25-2025-Ligue-1
2025-10-29,Matchweek 10,Wed,Home,D,1,1,Lorient,183,262,69.8,3136,1376,95,109,87.2,55,77,71.4,25,58,43.1,0,0.2,0.2,4,15,3,0,16,19:00:00,/en/matches/fae0cebf/Lorient-Paris-Saint-Germain-October-29-2025-Ligue-1
2025-11-01,Matchweek 11,Sat,Away,L,0,1,Nice,200,271,73.8,3597,1656,97,115,84.3,71,88,80.7,26,46,56.5,0,0.3,0.0,4,10,0,0,8,17:00:00,/en/matches/3f271d67/Paris-Saint-Germain-Nice-November-1-2025-Ligue-1
2025-11-09,Matchweek 12,Sun,Home,L,2,3,Lyon,235,310,75.8,4274,1745,94,110,85.5,103,124,83.1,28,55,50.9,2,0.5,0.6,6,16,2,1,15,20:45:00,/en/matches/76c23d28/Lyon-Paris-Saint-Germain-November-9-2025-Ligue-1
2025-08-15,Matchweek 1,Fri,Away,L,0,1,Marseille,684,769,88.9,11372,3374,335,358,93.6,290,316,91.8,47,70,67.1,0,1.1,1.4,20,72,16,5,68,20:45:00,/en/matches/fbd5fc84/Rennes-Marseille-August-15-2025-Ligue-1
2025-08-24,Matchweek 2,Sun,Home,W,4,0,Lorient,444,525,84.6,7684,2414,210,236,89.0,187,213,87.8,40,58,69.0,3,2.3,2.1,14,57,18,4,62,15:00:00,/en/matches/c085ae64/Lorient-Rennes-August-24-2025-Ligue-1
2025-08-31,Matchweek 3,Sun,Home,D,1,1,Angers,355,421,84.3,6330,2043,145,158,91.8,164,179,91.6,36,63,57.1,1,0.9,0.6,7,18,4,2,25,15:00:00,/en/matches/e7cbffb3/Angers-Rennes-August-31-2025-Ligue-1
2025-09-14,Matchweek 4,Sun,Away,L,1,3,Lyon,441,523,84.3,7086,2534,245,262,93.5,152,171,88.9,35,68,51.5,1,1.6,1.2,7,24,5,1,35,20:45:00,/en/matches/e8a7d6a7/Rennes-Lyon-September-14-2025-Ligue-1
2025-09-20,Matchweek 5,Sat,Home,D,2,2,Nantes,314,403,77.9,5778,2023,133,160,83.1,141,161,87.6,32,60,53.3,1,0.8,1.4,8,21,7,1,27,17:00:00,/en/matches/23cfe985/Nantes-Rennes-September-20-2025-Ligue-1
2025-09-28,Matchweek 6,Sun,Away,D,0,0,Lens,205,297,69.0,4190,1935,93,102,91.2,68,99,68.7,41,83,49.4,0,1.0,0.8,12,23,9,2,32,20:45:00,/en/matches/2516801b/Rennes-Lens-September-28-2025-Ligue-1
2025-10-05,Matchweek 7,Sun,Home,D,2,2,Le Havre,356,456,78.1,6655,2449,121,140,86.4,181,211,85.8,40,69,58.0,1,0.9,0.6,7,18,8,5,36,17:15:00,/en/matches/7bb1158d/Le-Havre-Rennes-October-5-2025-Ligue-1
2025-10-19,Matchweek 8,Sun,Away,D,2,2,Auxerre,334,438,76.3,5720,2080,166,187,88.8,123,149,82.6,31,74,41.9,0,0.1,0.2,3,27,1,0,20,17:15:00,/en/matches/4bebc386/Rennes-Auxerre-October-19-2025-Ligue-1
2025-10-26,Matchweek 9,Sun,Away,W,2,1,Nice,294,388,75.8,4815,1709,151,173,87.3,113,135,83.7,24,54,44.4,2,0.7,0.4,6,12,3,1,22,17:15:00,/en/matches/b111d632/Rennes-Nice-October-26-2025-Ligue-1
2025-10-29,Matchweek 10,Wed,Home,D,2,2,Toulouse,382,483,79.1,6414,2223,161,185,87.0,189,225,84.0,20,53,37.7,1,0.8,1.1,13,29,11,1,47,21:05:00,/en/matches/f1f10fa5/Toulouse-Rennes-October-29-2025-Ligue-1
2025-11-02,Matchweek 11,Sun,Away,L,1,4,Strasbourg,549,622,88.3,8873,3025,267,288,92.7,251,277,90.6,23,39,59.0,1,1.6,2.1,18,29,14,2,57,15:00:00,/en/matches/34522872/Rennes-Strasbourg-November-2-2025-Ligue-1
2025-11-07,Matchweek 12,Fri,Home,L,0,1,Paris FC,386,486,79.4,7164,2366,154,169,91.1,178,208,85.6,47,85,55.3,0,1.6,1.8,13,25,11,1,37,20:45:00,/en/matches/3feea3e9/Paris-FC-Rennes-November-7-2025-Ligue-1
2025-08-17,Matchweek 1,Sun,Home,L,0,1,Metz,289,379,76.3,5174,1758,121,134,90.3,126,149,84.6,32,68,47.1,0,0.3,0.3,2,10,2,1,16,17:15:00,/en/matches/df64d32a/Metz-Strasbourg-August-17-2025-Ligue-1
2025-08-24,Matchweek 2,Sun,Away,L,0,1,Nantes,426,519,82.1,7787,2506,153,176,86.9,226,247,91.5,36,64,56.3,0,0.4,0.3,6,18,5,2,23,17:15:00,/en/matches/f5b0aa33/Strasbourg-Nantes-August-24-2025-Ligue-1
2025-08-31,Matchweek 3,Sun,Home,W,3,2,Monaco,346,422,82.0,6462,2653,121,137,88.3,176,192,91.7,39,63,61.9,2,1.4,1.6,11,25,8,0,32,17:15:00,/en/matches/9fadc7e1/Monaco-Strasbourg-August-31-2025-Ligue-1
2025-09-14,Matchweek 4,Sun,Away,L,0,1,Le Havre,435,518,84.0,7412,2500,197,219,90.0,189,207,91.3,35,72,48.6,0,0.5,1.3,7,24,9,5,37,17:15:00,/en/matches/78ee6527/Strasbourg-Le-Havre-September-14-2025-Ligue-1
2025-09-21,Matchweek 5,Sun,Home,L,2,3,Paris FC,606,688,88.1,10349,3052,272,290,93.8,255,283,90.1,57,76,75.0,2,1.5,1.4,15,52,10,3,63,15:00:00,/en/matches/08bc19be/Paris-FC-Strasbourg-September-21-2025-Ligue-1
2025-09-26,Matchweek 6,Fri,Away,W,2,1,Marseille,545,634,86.0,8792,2631,268,287,93.4,216,241,89.6,37,69,53.6,0,1.0,1.1,11,40,8,2,34,20:45:00,/en/matches/13d407ad/Strasbourg-Marseille-September-26-2025-Ligue-1
2025-10-05,Matchweek 7,Sun,Away,L,0,5,Angers,337,438,76.9,5790,1864,142,178,79.8,152,169,89.9,28,58,48.3,0,0.3,0.5,5,9,3,2,20,17:15:00,/en/matches/e2b6bcc0/Strasbourg-Angers-October-5-2025-Ligue-1
2025-10-17,Matchweek 8,Fri,Home,D,3,3,Paris S-G,742,818,90.7,12591,3610,303,318,95.3,363,386,94.0,51,74,68.9,1,1.4,1.2,16,51,11,1,42,20:45:00,/en/matches/99baddf3/Paris-Saint-Germain-Strasbourg-October-17-2025-Ligue-1
2025-10-26,Matchweek 9,Sun,Home,W,2,1,Lyon,342,428,79.9,6257,2002,143,169,84.6,166,184,90.2,31,64,48.4,1,0.5,0.4,4,20,7,1,32,20:45:00,/en/matches/cd22fe80/Lyon-Strasbourg-October-26-2025-Ligue-1
2025-10-29,Matchweek 10,Wed,Away,L,0,3,Auxerre,338,412,82.0,5575,1890,166,183,90.7,127,142,89.4,28,61,45.9,0,0.4,0.5,6,32,3,1,28,21:05:00,/en/matches/92626eca/Strasbourg-Auxerre-October-29-2025-Ligue-1
2025-11-02,Matchweek 11,Sun,Home,W,4,1,Rennes,364,445,81.8,6765,2802,147,159,92.5,162,179,90.5,43,77,55.8,4,2.3,2.0,12,27,10,2,34,15:00:00,/en/matches/34522872/Rennes-Strasbourg-November-2-2025-Ligue-1
2025-11-09,Matchweek 12,Sun,Away,L,0,2,Lille,436,525,83.0,7423,2256,195,220,88.6,186,209,89.0,35,58,60.3,0,0.3,0.6,6,39,6,0,52,17:15:00,/en/matches/9ec5732e/Strasbourg-Lille-November-9-2025-Ligue-1
2025-08-16,Matchweek 1,Sat,Home,L,0,1,Nice,431,519,83.0,6500,2289,256,272,94.1,145,172,84.3,23,52,44.2,0,0.7,1.3,8,31,11,2,35,21:05:00,/en/matches/086666a1/Nice-Toulouse-August-16-2025-Ligue-1
2025-08-24,Matchweek 2,Sun,Away,L,0,2,Brest,375,463,81.0,7265,2543,139,152,91.4,176,200,88.0,53,93,57.0,0,0.7,1.2,13,27,9,4,35,17:15:00,/en/matches/d9a23dcd/Toulouse-Brest-August-24-2025-Ligue-1
2025-08-30,Matchweek 3,Sat,Away,W,6,3,Paris S-G,818,877,93.3,12822,3945,425,445,95.5,318,338,94.1,45,56,80.4,2,0.9,0.9,9,49,10,0,53,21:05:00,/en/matches/3a38fbf2/Toulouse-Paris-Saint-Germain-August-30-2025-Ligue-1
2025-09-14,Matchweek 4,Sun,Home,W,2,1,Lille,506,600,84.3,9123,2771,206,239,86.2,262,289,90.7,37,60,61.7,1,1.1,1.4,13,48,11,5,55,15:00:00,/en/matches/6c0057cb/Lille-Toulouse-September-14-2025-Ligue-1
2025-09-21,Matchweek 5,Sun,Home,W,1,0,Auxerre,249,334,74.6,4659,1871,101,120,84.2,100,114,87.7,38,78,48.7,1,0.7,0.4,5,16,5,1,21,17:15:00,/en/matches/a2ea8dfd/Auxerre-Toulouse-September-21-2025-Ligue-1
2025-09-27,Matchweek 6,Sat,Away,D,2,2,Nantes,455,543,83.8,8316,2598,170,191,89.0,240,261,92.0,37,73,50.7,1,0.9,0.9,8,19,6,0,31,19:00:00,/en/matches/30f98e8d/Toulouse-Nantes-September-27-2025-Ligue-1
2025-10-05,Matchweek 7,Sun,Home,L,1,2,Lyon,529,630,84.0,9385,2873,229,254,90.2,251,283,88.7,41,76,53.9,1,1.1,0.9,11,22,7,1,30,15:00:00,/en/matches/60ecc64f/Lyon-Toulouse-October-5-2025-Ligue-1
2025-10-19,Matchweek 8,Sun,Away,L,0,4,Metz,566,638,88.7,10020,2375,225,236,95.3,282,298,94.6,47,85,55.3,0,0.1,0.2,2,18,4,0,22,17:15:00,/en/matches/c8f84615/Toulouse-Metz-October-19-2025-Ligue-1
2025-10-25,Matchweek 9,Sat,Home,W,1,0,Monaco,346,449,77.1,6357,2318,140,163,85.9,154,186,82.8,41,79,51.9,1,2.5,2.2,12,13,8,4,25,19:00:00,/en/matches/fe7036bb/Monaco-Toulouse-October-25-2025-Ligue-1
2025-10-29,Matchweek 10,Wed,Away,D,2,2,Rennes,298,393,75.8,5679,2281,119,137,86.9,149,175,85.1,29,68,42.6,1,1.1,0.4,9,25,3,0,26,21:05:00,/en/matches/f1f10fa5/Toulouse-Rennes-October-29-2025-Ligue-1
2025-11-02,Matchweek 11,Sun,Away,D,0,0,Le Havre,368,469,78.5,6551,2193,149,169,88.2,167,195,85.6,38,78,48.7,0,1.4,0.7,7,14,6,2,28,17:15:00,/en/matches/75cf1ad9/Toulouse-Le-Havre-November-2-2025-Ligue-1
2025-11-09,Matchweek 12,Sun,Home,D,1,1,Lorient,338,433,78.1,5794,1951,151,183,82.5,144,172,83.7,31,53,58.5,0,0.6,0.5,9,30,3,0,35,15:00:00,/en/matches/3b9a668d/Lorient-Toulouse-November-9-2025-Ligue-1
