date,round,day,venue,result,GF,GA,opponent,Poss,Touches_Touches,Touches_Def Pen,Touches_Def 3rd,Touches_Mid 3rd,Touches_Att 3rd,Touches_Att Pen,Touches_Live,Take-Ons_Att,Take-Ons_Succ,Take-Ons_Succ%,Take-Ons_Tkld,Take-Ons_Tkld%,Carries_Carries,Carries_TotDist,Carries_PrgDist,Carries_PrgC,Carries_1/3,Carries_CPA,Carries_Mis,Carries_Dis,Receiving_Rec,Receiving_PrgR,time,match_report
2025-08-17,Matchweek 1,Sun,Home,L,0,1,Manchester Utd,61,625,80,216,261,156,34,625,14,9,64.3,4,28.6,372,2094,1264,31,23,10,14,14,413,48,16:30:00,/en/matches/643d26fd/Manchester-United-Arsenal-August-17-2025-Premier-League
2025-08-23,Matchweek 2,Sat,Away,L,0,5,Leeds United,33,398,60,194,177,30,6,398,13,4,30.8,7,53.8,229,983,478,10,6,3,9,5,233,9,17:30:00,/en/matches/e8724659/Arsenal-Leeds-United-August-23-2025-Premier-League
2025-08-31,Matchweek 3,Sun,Home,W,1,0,Liverpool,53,580,84,261,245,78,15,580,15,7,46.7,7,46.7,370,1767,939,15,8,7,14,7,383,28,16:30:00,/en/matches/b0005978/Liverpool-Arsenal-August-31-2025-Premier-League
2025-09-13,Matchweek 4,Sat,Away,L,0,3,Nott'ham Forest,46,544,80,225,208,116,13,544,15,5,33.3,7,46.7,318,1537,754,19,13,5,18,6,373,25,12:30:00,/en/matches/4fe3e679/Arsenal-Nottingham-Forest-September-13-2025-Premier-League
2025-09-21,Matchweek 5,Sun,Away,D,1,1,Manchester City,34,474,87,203,190,86,6,474,20,10,50.0,8,40.0,236,1110,536,11,4,3,17,12,244,20,16:30:00,/en/matches/2045939c/Arsenal-Manchester-City-September-21-2025-Premier-League
2025-09-28,Matchweek 6,Sun,Home,L,1,2,Newcastle Utd,37,447,84,190,161,100,17,447,10,3,30.0,3,30.0,165,1004,512,6,4,2,7,10,211,21,16:30:00,/en/matches/e851cb5c/Newcastle-United-Arsenal-September-28-2025-Premier-League
2025-10-04,Matchweek 7,Sat,Away,L,0,2,West Ham,33,441,88,197,170,77,7,441,17,3,17.6,11,64.7,159,918,421,7,5,1,16,12,226,18,15:00:00,/en/matches/266bddc6/Arsenal-West-Ham-United-October-4-2025-Premier-League
2025-10-18,Matchweek 8,Sat,Home,L,0,1,Fulham,37,478,91,242,156,84,16,478,10,6,60.0,4,40.0,239,1425,591,12,10,3,20,5,265,23,17:30:00,/en/matches/94eefc1d/Fulham-Arsenal-October-18-2025-Premier-League
2025-10-26,Matchweek 9,Sun,Away,L,0,1,Crystal Palace,41,509,55,202,223,96,15,509,6,4,66.7,2,33.3,268,1286,685,14,14,4,14,10,287,28,14:00:00,/en/matches/8e08b6c9/Arsenal-Crystal-Palace-October-26-2025-Premier-League
2025-11-01,Matchweek 10,Sat,Home,L,0,2,Burnley,46,568,74,194,256,121,12,568,15,6,40.0,8,53.3,314,1409,646,13,16,3,19,8,364,29,15:00:00,/en/matches/2e2f2939/Burnley-Arsenal-November-1-2025-Premier-League
2025-11-08,Matchweek 11,Sat,Home,D,2,2,Sunderland,36,427,75,161,185,86,14,427,7,2,28.6,5,71.4,222,1140,495,9,8,0,12,7,232,12,17:30:00,/en/matches/34884979/Sunderland-Arsenal-November-8-2025-Premier-League
2025-08-16,Matchweek 1,Sat,Away,D,0,0,Newcastle Utd,59,610,53,167,255,193,32,610,14,2,14.3,8,57.1,406,1957,1124,30,18,11,15,3,398,50,12:30:00,/en/matches/bbdf4739/Aston-Villa-Newcastle-United-August-16-2025-Premier-League
2025-08-23,Matchweek 2,Sat,Home,W,1,0,Brentford,24,362,79,162,130,75,23,362,16,8,50.0,7,43.8,140,852,385,12,12,6,16,7,138,16,15:00:00,/en/matches/860c7af2/Brentford-Aston-Villa-August-23-2025-Premier-League
2025-08-31,Matchweek 3,Sun,Away,W,3,0,Crystal Palace,41,533,68,190,254,94,14,532,9,6,66.7,2,22.2,224,902,453,6,2,1,11,9,337,24,19:00:00,/en/matches/cd51ed93/Aston-Villa-Crystal-Palace-August-31-2025-Premier-League
2025-09-13,Matchweek 4,Sat,Home,D,0,0,Everton,49,509,48,140,200,174,45,509,24,8,33.3,5,20.8,272,1537,742,25,11,12,20,11,307,39,15:00:00,/en/matches/a624dc89/Everton-Aston-Villa-September-13-2025-Premier-League
2025-09-21,Matchweek 5,Sun,Home,D,1,1,Sunderland,29,355,64,153,138,71,15,355,5,5,100.0,0,0.0,161,956,397,5,6,0,8,11,163,8,14:00:00,/en/matches/4e615d10/Sunderland-Aston-Villa-September-21-2025-Premier-League
2025-09-28,Matchweek 6,Sun,Away,L,1,3,Fulham,52,579,55,228,217,139,26,579,20,11,55.0,6,30.0,370,1905,870,19,11,6,16,4,376,35,14:00:00,/en/matches/7345f259/Aston-Villa-Fulham-September-28-2025-Premier-League
2025-10-05,Matchweek 7,Sun,Away,L,1,2,Burnley,46,537,51,173,268,100,11,537,11,2,18.2,7,63.6,296,1052,509,6,8,1,16,8,346,22,14:00:00,/en/matches/db870461/Aston-Villa-Burnley-October-5-2025-Premier-League
2025-10-19,Matchweek 8,Sun,Home,L,1,2,Tottenham,53,555,52,198,226,134,25,555,19,5,26.3,13,68.4,269,1462,760,23,4,9,16,11,356,32,14:00:00,/en/matches/810c0cb9/Tottenham-Hotspur-Aston-Villa-October-19-2025-Premier-League
2025-10-26,Matchweek 9,Sun,Away,L,0,1,Manchester City,53,649,50,139,292,223,32,649,18,6,33.3,11,61.1,449,2479,1609,34,25,6,8,7,473,50,14:00:00,/en/matches/2324c097/Aston-Villa-Manchester-City-October-26-2025-Premier-League
2025-11-01,Matchweek 10,Sat,Home,W,2,0,Liverpool,54,606,59,148,307,158,21,606,14,9,64.3,5,35.7,378,1968,1018,26,18,5,12,6,430,51,20:00:00,/en/matches/c15115cb/Liverpool-Aston-Villa-November-1-2025-Premier-League
2025-11-09,Matchweek 11,Sun,Away,L,0,4,Bournemouth,49,495,58,162,212,129,9,494,27,13,48.1,14,51.9,293,1745,799,14,9,0,17,6,272,18,14:00:00,/en/matches/b333094b/Aston-Villa-Bournemouth-November-9-2025-Premier-League
2025-08-15,Matchweek 1,Fri,Home,W,4,2,Liverpool,61,679,66,219,300,168,35,679,21,8,38.1,9,42.9,370,1835,914,24,14,12,14,11,425,40,20:00:00,/en/matches/a071faa8/Liverpool-Bournemouth-August-15-2025-Premier-League
2025-08-23,Matchweek 2,Sat,Away,L,0,1,Wolves,41,450,71,183,180,93,13,450,9,5,55.6,3,33.3,222,1028,453,5,4,1,14,9,248,21,15:00:00,/en/matches/a515fb3a/Bournemouth-Wolverhampton-Wanderers-August-23-2025-Premier-League
2025-08-30,Matchweek 3,Sat,Home,L,0,1,Tottenham,61,671,91,262,290,123,18,671,34,10,29.4,17,50.0,258,1645,886,17,11,3,14,11,420,40,15:00:00,/en/matches/0e30cf4b/Tottenham-Hotspur-Bournemouth-August-30-2025-Premier-League
2025-09-13,Matchweek 4,Sat,Away,L,1,2,Brighton,49,544,72,198,233,120,22,544,24,10,41.7,9,37.5,310,1748,967,18,6,7,20,9,311,30,15:00:00,/en/matches/8398bbef/Bournemouth-Brighton-and-Hove-Albion-September-13-2025-Premier-League
2025-09-21,Matchweek 5,Sun,Away,D,0,0,Newcastle Utd,45,572,68,209,235,139,17,572,22,12,54.5,7,31.8,296,1500,674,17,9,4,19,8,315,36,14:00:00,/en/matches/f55b1b65/Bournemouth-Newcastle-United-September-21-2025-Premier-League
2025-09-27,Matchweek 6,Sat,Home,D,2,2,Leeds United,41,524,73,195,222,111,32,524,18,8,44.4,9,50.0,224,1045,445,8,4,6,14,14,300,23,15:00:00,/en/matches/d2fc69e6/Leeds-United-Bournemouth-September-27-2025-Premier-League
2025-10-03,Matchweek 7,Fri,Away,L,1,3,Fulham,46,625,85,253,221,155,17,625,13,9,69.2,3,23.1,393,2208,1021,19,15,4,17,7,402,36,20:00:00,/en/matches/200f4acc/Bournemouth-Fulham-October-3-2025-Premier-League
2025-10-18,Matchweek 8,Sat,Home,D,3,3,Crystal Palace,52,587,70,217,222,153,40,586,19,4,21.1,12,63.2,235,1242,686,14,8,4,9,6,326,35,15:00:00,/en/matches/7a0ab06b/Crystal-Palace-Bournemouth-October-18-2025-Premier-League
2025-10-26,Matchweek 9,Sun,Away,L,0,2,Nott'ham Forest,48,556,63,190,253,120,7,556,8,2,25.0,6,75.0,299,1295,551,7,12,0,22,3,328,31,14:00:00,/en/matches/0676a57a/Bournemouth-Nottingham-Forest-October-26-2025-Premier-League
2025-11-02,Matchweek 10,Sun,Home,W,3,1,Manchester City,49,643,53,181,292,176,37,643,28,13,46.4,14,50.0,449,2459,1227,29,21,9,18,9,447,28,16:30:00,/en/matches/cc77588b/Manchester-City-Bournemouth-November-2-2025-Premier-League
2025-11-09,Matchweek 11,Sun,Home,W,4,0,Aston Villa,51,506,73,194,186,133,26,506,16,7,43.8,6,37.5,229,1109,566,8,7,3,15,10,283,27,14:00:00,/en/matches/b333094b/Aston-Villa-Bournemouth-November-9-2025-Premier-League
2025-08-17,Matchweek 1,Sun,Home,W,3,1,Nott'ham Forest,54,572,49,168,210,200,23,572,17,9,52.9,6,35.3,258,1593,950,19,18,4,10,14,363,41,14:00:00,/en/matches/855f8b5e/Nottingham-Forest-Brentford-August-17-2025-Premier-League
2025-08-23,Matchweek 2,Sat,Away,L,0,1,Aston Villa,76,746,64,185,348,218,41,746,25,8,32.0,16,64.0,515,2654,1433,27,13,6,15,12,530,47,15:00:00,/en/matches/860c7af2/Brentford-Aston-Villa-August-23-2025-Premier-League
2025-08-30,Matchweek 3,Sat,Home,W,2,1,Sunderland,54,574,41,174,278,125,15,573,9,4,44.4,3,33.3,336,1668,820,15,8,2,10,6,356,39,15:00:00,/en/matches/f03152d1/Sunderland-Brentford-August-30-2025-Premier-League
2025-09-13,Matchweek 4,Sat,Away,D,2,2,Chelsea,66,735,50,152,409,177,35,735,16,4,25.0,6,37.5,438,2194,1271,27,9,9,22,11,538,47,20:00:00,/en/matches/d8104c65/Brentford-Chelsea-September-13-2025-Premier-League
2025-09-20,Matchweek 5,Sat,Home,W,3,1,Fulham,52,624,79,227,289,118,24,624,12,8,66.7,4,33.3,365,1836,1002,17,14,3,25,9,405,32,20:00:00,/en/matches/295b388b/Fulham-Brentford-September-20-2025-Premier-League
2025-09-27,Matchweek 6,Sat,Away,L,1,3,Manchester Utd,55,603,56,180,330,95,16,602,10,2,20.0,8,80.0,327,1605,867,15,10,2,15,6,381,32,12:30:00,/en/matches/f96a49ea/Brentford-Manchester-United-September-27-2025-Premier-League
2025-10-05,Matchweek 7,Sun,Away,W,1,0,Manchester City,69,903,54,224,461,223,18,903,25,10,40.0,9,36.0,628,2639,1379,21,28,5,18,7,717,32,16:30:00,/en/matches/8c0ee359/Brentford-Manchester-City-October-5-2025-Premier-League
2025-10-20,Matchweek 8,Mon,Home,L,0,2,West Ham,44,532,83,200,227,108,14,532,10,2,20.0,7,70.0,195,1236,600,8,8,2,14,4,288,29,20:00:00,/en/matches/3322a47b/West-Ham-United-Brentford-October-20-2025-Premier-League
2025-10-25,Matchweek 9,Sat,Away,L,2,3,Liverpool,65,774,95,253,309,219,35,774,21,9,42.9,8,38.1,461,2370,1228,21,23,3,17,7,511,56,20:00:00,/en/matches/26e5ca72/Brentford-Liverpool-October-25-2025-Premier-League
2025-11-01,Matchweek 10,Sat,Home,W,2,0,Crystal Palace,37,415,44,152,171,102,24,415,9,2,22.2,7,77.8,197,1075,526,15,10,3,17,9,199,27,15:00:00,/en/matches/96c4864b/Crystal-Palace-Brentford-November-1-2025-Premier-League
2025-11-09,Matchweek 11,Sun,Away,L,1,3,Newcastle Utd,50,598,76,216,282,105,13,598,12,7,58.3,4,33.3,353,1219,512,10,8,1,12,13,381,44,14:00:00,/en/matches/7398b723/Brentford-Newcastle-United-November-9-2025-Premier-League
2025-08-16,Matchweek 1,Sat,Away,D,1,1,Fulham,51,546,77,216,224,109,19,546,18,5,27.8,8,44.4,347,1588,781,16,13,1,11,11,374,32,15:00:00,/en/matches/57c49bae/Brighton-and-Hove-Albion-Fulham-August-16-2025-Premier-League
2025-08-24,Matchweek 2,Sun,Home,W,2,0,Everton,42,503,51,176,207,125,17,503,20,9,45.0,7,35.0,269,1218,498,12,10,4,8,10,291,21,14:00:00,/en/matches/0bad74e2/Everton-Brighton-and-Hove-Albion-August-24-2025-Premier-League
2025-08-31,Matchweek 3,Sun,Away,L,1,2,Manchester City,63,695,79,231,313,153,21,695,29,14,48.3,9,31.0,426,2261,1125,25,17,7,12,8,506,42,14:00:00,/en/matches/810d81e7/Brighton-and-Hove-Albion-Manchester-City-August-31-2025-Premier-League
2025-09-13,Matchweek 4,Sat,Home,W,2,1,Bournemouth,51,560,64,186,236,148,27,559,18,6,33.3,8,44.4,334,1795,897,18,13,7,14,12,328,32,15:00:00,/en/matches/8398bbef/Bournemouth-Brighton-and-Hove-Albion-September-13-2025-Premier-League
2025-09-20,Matchweek 5,Sat,Away,D,2,2,Tottenham,64,713,64,179,320,219,40,713,31,13,41.9,16,51.6,473,2628,1263,25,20,11,23,9,483,59,15:00:00,/en/matches/fa03feeb/Brighton-and-Hove-Albion-Tottenham-Hotspur-September-20-2025-Premier-League
2025-09-27,Matchweek 6,Sat,Home,L,1,3,Chelsea,59,620,75,233,253,138,16,620,26,10,38.5,12,46.2,401,1536,779,14,8,5,12,9,422,26,15:00:00,/en/matches/b3a3df9a/Chelsea-Brighton-and-Hove-Albion-September-27-2025-Premier-League
2025-10-05,Matchweek 7,Sun,Home,D,1,1,Wolves,41,520,91,219,231,75,8,520,17,6,35.3,8,47.1,230,1369,698,13,6,3,18,11,294,24,14:00:00,/en/matches/1314f9fd/Wolverhampton-Wanderers-Brighton-and-Hove-Albion-October-5-2025-Premier-League
2025-10-18,Matchweek 8,Sat,Away,L,1,2,Newcastle Utd,55,670,65,205,311,157,25,670,27,10,37.0,14,51.9,418,1957,867,16,6,2,9,7,458,49,15:00:00,/en/matches/7c25388b/Brighton-and-Hove-Albion-Newcastle-United-October-18-2025-Premier-League
2025-10-25,Matchweek 9,Sat,Home,W,4,2,Manchester Utd,44,605,76,171,264,173,21,605,22,13,59.1,9,40.9,323,1426,636,12,12,3,26,9,375,36,17:30:00,/en/matches/a190da2c/Manchester-United-Brighton-and-Hove-Albion-October-25-2025-Premier-League
2025-11-01,Matchweek 10,Sat,Away,L,0,3,Leeds United,50,625,77,250,285,98,15,625,28,11,39.3,13,46.4,429,2235,1142,12,15,6,14,11,444,24,15:00:00,/en/matches/40e608f4/Brighton-and-Hove-Albion-Leeds-United-November-1-2025-Premier-League
2025-11-09,Matchweek 11,Sun,Home,D,0,0,Crystal Palace,43,532,76,213,229,91,29,532,14,5,35.7,6,42.9,294,1275,599,9,7,3,18,10,295,26,14:00:00,/en/matches/d6740601/Crystal-Palace-Brighton-and-Hove-Albion-November-9-2025-Premier-League
2025-08-16,Matchweek 1,Sat,Home,W,3,0,Tottenham,66,649,79,252,252,153,24,649,16,11,68.8,3,18.8,422,2299,1096,17,15,2,13,3,468,30,15:00:00,/en/matches/d41bb8b3/Tottenham-Hotspur-Burnley-August-16-2025-Premier-League
2025-08-23,Matchweek 2,Sat,Away,L,0,2,Sunderland,58,773,47,191,402,187,16,773,9,2,22.2,7,77.8,529,2565,1416,22,20,4,11,15,552,49,15:00:00,/en/matches/4e287736/Burnley-Sunderland-August-23-2025-Premier-League
2025-08-30,Matchweek 3,Sat,Home,W,3,2,Manchester Utd,62,674,51,175,286,217,34,673,12,5,41.7,6,50.0,380,1952,1045,28,14,9,15,14,444,48,15:00:00,/en/matches/0050df89/Manchester-United-Burnley-August-30-2025-Premier-League
2025-09-14,Matchweek 4,Sun,Away,W,1,0,Liverpool,80,868,27,121,371,383,52,867,20,12,60.0,8,40.0,550,3146,2052,55,35,15,15,8,640,80,14:00:00,/en/matches/fed27aaa/Burnley-Liverpool-September-14-2025-Premier-League
2025-09-20,Matchweek 5,Sat,Away,D,1,1,Nott'ham Forest,63,796,68,208,381,214,29,796,12,4,33.3,6,50.0,530,2460,1286,28,15,7,16,5,588,52,15:00:00,/en/matches/e523c1cd/Burnley-Nottingham-Forest-September-20-2025-Premier-League
2025-09-27,Matchweek 6,Sat,Home,W,5,1,Manchester City,68,776,39,123,361,295,56,776,24,14,58.3,8,33.3,547,2984,1721,44,32,20,6,12,595,55,15:00:00,/en/matches/53db8cb5/Manchester-City-Burnley-September-27-2025-Premier-League
2025-10-05,Matchweek 7,Sun,Home,W,2,1,Aston Villa,54,632,68,240,293,102,23,632,20,6,30.0,14,70.0,365,1868,1043,14,8,3,9,13,438,27,14:00:00,/en/matches/db870461/Aston-Villa-Burnley-October-5-2025-Premier-League
2025-10-18,Matchweek 8,Sat,Away,L,0,2,Leeds United,68,790,36,157,418,221,41,790,12,6,50.0,6,50.0,502,2809,1544,31,22,8,11,8,561,50,15:00:00,/en/matches/a31356f3/Burnley-Leeds-United-October-18-2025-Premier-League
2025-10-26,Matchweek 9,Sun,Home,L,2,3,Wolves,57,680,48,143,340,204,30,679,16,7,43.8,8,50.0,422,2576,1495,34,24,2,18,11,440,44,14:00:00,/en/matches/28244556/Wolverhampton-Wanderers-Burnley-October-26-2025-Premier-League
2025-11-01,Matchweek 10,Sat,Away,W,2,0,Arsenal,54,647,62,220,302,132,23,647,14,5,35.7,6,42.9,398,1921,932,19,18,4,17,8,443,36,15:00:00,/en/matches/2e2f2939/Burnley-Arsenal-November-1-2025-Premier-League
2025-11-08,Matchweek 11,Sat,Home,W,3,2,West Ham,43,547,66,189,227,135,22,547,20,6,30.0,12,60.0,233,1140,539,11,8,7,12,4,324,29,15:00:00,/en/matches/9a904d13/West-Ham-United-Burnley-November-8-2025-Premier-League
2025-08-17,Matchweek 1,Sun,Away,D,0,0,Crystal Palace,29,380,82,186,146,53,8,380,10,5,50.0,2,20.0,153,739,382,5,7,1,15,11,183,15,14:00:00,/en/matches/2185fc64/Chelsea-Crystal-Palace-August-17-2025-Premier-League
2025-08-22,Matchweek 2,Fri,Home,L,1,5,West Ham,42,543,52,179,252,118,16,543,20,5,25.0,10,50.0,321,1691,777,8,10,3,12,9,365,28,20:00:00,/en/matches/57b35843/West-Ham-United-Chelsea-August-22-2025-Premier-League
2025-08-30,Matchweek 3,Sat,Away,L,0,2,Fulham,46,579,88,243,235,110,19,579,16,3,18.8,12,75.0,334,1517,731,17,11,3,17,7,367,32,12:30:00,/en/matches/2dbd7fbd/Chelsea-Fulham-August-30-2025-Premier-League
2025-09-13,Matchweek 4,Sat,Home,D,2,2,Brentford,34,446,81,184,178,90,20,446,22,11,50.0,9,40.9,206,1263,612,13,8,6,12,6,236,17,20:00:00,/en/matches/d8104c65/Brentford-Chelsea-September-13-2025-Premier-League
2025-09-20,Matchweek 5,Sat,Home,W,2,1,Manchester Utd,42,536,42,134,258,151,20,536,16,5,31.3,8,50.0,284,1354,684,13,10,3,10,8,316,42,17:30:00,/en/matches/a562da13/Manchester-United-Chelsea-September-20-2025-Premier-League
2025-09-27,Matchweek 6,Sat,Away,W,3,1,Brighton,41,490,50,172,178,148,26,490,20,7,35.0,11,55.0,266,1762,1026,25,8,7,13,10,287,36,15:00:00,/en/matches/b3a3df9a/Chelsea-Brighton-and-Hove-Albion-September-27-2025-Premier-League
2025-10-04,Matchweek 7,Sat,Away,L,1,2,Liverpool,47,620,88,238,257,129,25,620,18,2,11.1,16,88.9,400,2064,1152,25,8,8,20,5,399,45,17:30:00,/en/matches/780d534e/Chelsea-Liverpool-October-4-2025-Premier-League
2025-10-18,Matchweek 8,Sat,Home,L,0,3,Nott'ham Forest,50,592,61,201,246,149,22,592,18,8,44.4,9,50.0,376,1690,809,11,12,2,14,6,395,45,12:30:00,/en/matches/b3ac7e40/Nottingham-Forest-Chelsea-October-18-2025-Premier-League
2025-10-25,Matchweek 9,Sat,Away,W,2,1,Sunderland,32,425,80,187,162,85,16,425,11,4,36.4,3,27.3,224,1117,587,11,7,2,10,5,237,26,15:00:00,/en/matches/cfda878f/Chelsea-Sunderland-October-25-2025-Premier-League
2025-11-01,Matchweek 10,Sat,Home,L,0,1,Tottenham,48,564,74,232,234,107,14,564,22,9,40.9,9,40.9,289,1319,580,12,5,5,23,11,313,27,17:30:00,/en/matches/cb498e0b/Tottenham-Hotspur-Chelsea-November-1-2025-Premier-League
2025-11-08,Matchweek 11,Sat,Away,L,0,3,Wolves,37,486,82,223,183,84,8,486,9,4,44.4,3,33.3,252,1159,499,11,7,2,15,6,301,23,20:00:00,/en/matches/098d4b9c/Chelsea-Wolverhampton-Wanderers-November-8-2025-Premier-League
2025-08-17,Matchweek 1,Sun,Home,D,0,0,Chelsea,71,732,49,158,385,195,31,732,27,12,44.4,12,44.4,518,2628,1371,18,12,6,19,4,536,58,14:00:00,/en/matches/2185fc64/Chelsea-Crystal-Palace-August-17-2025-Premier-League
2025-08-24,Matchweek 2,Sun,Away,D,1,1,Nott'ham Forest,58,665,54,206,326,138,19,665,19,6,31.6,12,63.2,333,1685,961,15,14,5,13,8,459,46,14:00:00,/en/matches/a3984be1/Crystal-Palace-Nottingham-Forest-August-24-2025-Premier-League
2025-08-31,Matchweek 3,Sun,Home,L,0,3,Aston Villa,59,681,35,131,359,195,21,681,18,7,38.9,8,44.4,425,2000,861,9,9,2,8,18,493,50,19:00:00,/en/matches/cd51ed93/Aston-Villa-Crystal-Palace-August-31-2025-Premier-League
2025-09-13,Matchweek 4,Sat,Away,D,0,0,Sunderland,44,539,70,188,268,92,17,539,19,11,57.9,7,36.8,296,1351,711,11,9,1,11,3,326,30,15:00:00,/en/matches/e3cade07/Crystal-Palace-Sunderland-September-13-2025-Premier-League
2025-09-20,Matchweek 5,Sat,Home,L,1,2,West Ham,57,593,61,161,315,127,19,593,24,14,58.3,7,29.2,304,1845,944,21,23,4,12,15,406,40,15:00:00,/en/matches/15b707b3/West-Ham-United-Crystal-Palace-September-20-2025-Premier-League
2025-09-27,Matchweek 6,Sat,Away,L,1,2,Liverpool,71,872,67,217,451,209,23,872,22,6,27.3,13,59.1,477,2443,1360,24,19,1,13,11,639,63,15:00:00,/en/matches/8a5edb7f/Crystal-Palace-Liverpool-September-27-2025-Premier-League
2025-10-05,Matchweek 7,Sun,Home,W,2,1,Everton,51,629,66,189,300,143,26,628,21,6,28.6,14,66.7,388,1887,914,18,12,5,22,17,378,34,14:00:00,/en/matches/88e53add/Everton-Crystal-Palace-October-5-2025-Premier-League
2025-10-18,Matchweek 8,Sat,Away,D,3,3,Bournemouth,48,546,106,255,170,128,17,546,13,6,46.2,7,53.8,308,1778,953,15,16,2,13,16,298,26,15:00:00,/en/matches/7a0ab06b/Crystal-Palace-Bournemouth-October-18-2025-Premier-League
2025-10-26,Matchweek 9,Sun,Home,W,1,0,Arsenal,59,688,61,173,378,140,23,688,13,5,38.5,6,46.2,396,1900,1105,10,6,4,19,10,457,38,14:00:00,/en/matches/8e08b6c9/Arsenal-Crystal-Palace-October-26-2025-Premier-League
2025-11-01,Matchweek 10,Sat,Away,L,0,2,Brentford,63,652,86,249,292,114,16,652,15,6,40.0,7,46.7,354,1710,843,12,5,0,9,6,410,28,15:00:00,/en/matches/96c4864b/Crystal-Palace-Brentford-November-1-2025-Premier-League
2025-11-09,Matchweek 11,Sun,Away,D,0,0,Brighton,57,665,72,229,293,150,24,665,13,4,30.8,8,61.5,438,1950,940,12,7,4,21,13,434,34,14:00:00,/en/matches/d6740601/Crystal-Palace-Brighton-and-Hove-Albion-November-9-2025-Premier-League
2025-08-18,Matchweek 1,Mon,Home,W,1,0,Leeds United,54,648,46,162,303,187,27,647,21,6,28.6,9,42.9,321,1597,877,17,8,5,6,7,425,44,20:00:00,/en/matches/0701e218/Leeds-United-Everton-August-18-2025-Premier-League
2025-08-24,Matchweek 2,Sun,Away,L,0,2,Brighton,58,649,60,238,280,138,23,648,15,8,53.3,5,33.3,417,2128,1040,14,11,5,17,10,441,30,14:00:00,/en/matches/0bad74e2/Everton-Brighton-and-Hove-Albion-August-24-2025-Premier-League
2025-08-30,Matchweek 3,Sat,Home,L,2,3,Wolves,58,698,55,235,347,123,21,698,11,3,27.3,8,72.7,335,1813,835,10,9,1,20,8,455,37,15:00:00,/en/matches/3c399f5e/Wolverhampton-Wanderers-Everton-August-30-2025-Premier-League
2025-09-13,Matchweek 4,Sat,Away,D,0,0,Aston Villa,51,523,96,196,216,115,8,523,17,2,11.8,13,76.5,267,1401,742,12,8,2,12,10,318,30,15:00:00,/en/matches/a624dc89/Everton-Aston-Villa-September-13-2025-Premier-League
2025-09-20,Matchweek 5,Sat,Home,W,2,1,Liverpool,57,641,70,238,253,156,25,641,20,10,50.0,7,35.0,369,1764,869,18,12,4,18,11,426,42,12:30:00,/en/matches/5da72d0e/Merseyside-Derby-Liverpool-Everton-September-20-2025-Premier-League
2025-09-29,Matchweek 6,Mon,Away,D,1,1,West Ham,49,594,79,192,246,159,29,594,12,4,33.3,6,50.0,338,1567,837,12,11,4,12,5,360,41,20:00:00,/en/matches/1163f46d/Everton-West-Ham-United-September-29-2025-Premier-League
2025-10-05,Matchweek 7,Sun,Away,L,1,2,Crystal Palace,49,633,80,240,285,115,23,633,15,2,13.3,10,66.7,383,1663,775,13,9,3,16,9,372,40,14:00:00,/en/matches/88e53add/Everton-Crystal-Palace-October-5-2025-Premier-League
2025-10-18,Matchweek 8,Sat,Home,W,2,0,Manchester City,71,910,53,211,476,228,43,910,26,15,57.7,8,30.8,601,3288,1829,37,23,14,15,10,708,53,15:00:00,/en/matches/1340e41a/Manchester-City-Everton-October-18-2025-Premier-League
2025-10-26,Matchweek 9,Sun,Away,W,3,0,Tottenham,47,572,106,277,208,96,15,572,19,8,42.1,8,42.1,307,1284,625,11,9,2,14,11,345,24,16:30:00,/en/matches/4234aaa9/Everton-Tottenham-Hotspur-October-26-2025-Premier-League
2025-11-03,Matchweek 10,Mon,Home,D,1,1,Sunderland,60,683,50,201,311,175,27,683,21,7,33.3,11,52.4,404,1970,1121,21,18,4,23,3,464,55,20:00:00,/en/matches/bb37daa2/Sunderland-Everton-November-3-2025-Premier-League
2025-11-08,Matchweek 11,Sat,Away,L,0,2,Fulham,49,567,94,245,220,106,18,567,21,9,42.9,10,47.6,293,1795,981,17,9,2,11,5,353,31,15:00:00,/en/matches/0e46b968/Everton-Fulham-November-8-2025-Premier-League
2025-08-16,Matchweek 1,Sat,Home,D,1,1,Brighton,49,570,55,237,231,107,21,569,12,4,33.3,7,58.3,318,1576,823,11,7,5,22,8,387,38,15:00:00,/en/matches/57c49bae/Brighton-and-Hove-Albion-Fulham-August-16-2025-Premier-League
2025-08-24,Matchweek 2,Sun,Away,D,1,1,Manchester Utd,47,553,66,187,243,125,23,552,10,2,20.0,5,50.0,313,1602,847,17,4,5,15,5,342,30,16:30:00,/en/matches/fc45a8b2/Fulham-Manchester-United-August-24-2025-Premier-League
2025-08-30,Matchweek 3,Sat,Home,W,2,0,Chelsea,54,656,47,214,290,157,21,655,21,8,38.1,11,52.4,343,1717,842,18,5,4,18,18,449,40,12:30:00,/en/matches/2dbd7fbd/Chelsea-Fulham-August-30-2025-Premier-League
2025-09-13,Matchweek 4,Sat,Away,L,0,1,Leeds United,46,546,68,208,222,123,19,546,20,4,20.0,12,60.0,296,1791,870,16,17,5,12,12,330,25,15:00:00,/en/matches/ab8543fb/Fulham-Leeds-United-September-13-2025-Premier-League
2025-09-20,Matchweek 5,Sat,Away,L,1,3,Brentford,48,558,64,196,251,119,17,558,15,4,26.7,9,60.0,306,1512,703,13,8,7,20,10,339,32,20:00:00,/en/matches/295b388b/Fulham-Brentford-September-20-2025-Premier-League
2025-09-28,Matchweek 6,Sun,Home,W,3,1,Aston Villa,48,543,76,198,239,109,17,543,15,5,33.3,7,46.7,337,1500,804,18,10,4,17,9,347,37,14:00:00,/en/matches/7345f259/Aston-Villa-Fulham-September-28-2025-Premier-League
2025-10-03,Matchweek 7,Fri,Home,W,3,1,Bournemouth,54,703,52,187,315,207,28,703,19,10,52.6,7,36.8,376,2460,1364,34,27,10,17,4,485,57,20:00:00,/en/matches/200f4acc/Bournemouth-Fulham-October-3-2025-Premier-League
2025-10-18,Matchweek 8,Sat,Away,W,1,0,Arsenal,63,695,46,126,353,219,42,695,15,10,66.7,4,26.7,369,2170,1160,20,15,7,19,16,489,68,17:30:00,/en/matches/94eefc1d/Fulham-Arsenal-October-18-2025-Premier-League
2025-10-25,Matchweek 9,Sat,Home,W,2,1,Newcastle Utd,51,629,52,178,302,158,35,629,18,6,33.3,9,50.0,392,1957,894,18,12,10,25,10,407,43,15:00:00,/en/matches/0f6b6849/Newcastle-United-Fulham-October-25-2025-Premier-League
2025-11-01,Matchweek 10,Sat,Away,L,0,3,Wolves,36,471,83,185,177,112,17,471,6,2,33.3,3,50.0,233,1247,585,12,8,4,22,3,255,25,15:00:00,/en/matches/03f6bccd/Fulham-Wolverhampton-Wanderers-November-1-2025-Premier-League
2025-11-08,Matchweek 11,Sat,Home,W,2,0,Everton,51,573,56,166,204,207,26,573,19,6,31.6,13,68.4,339,1679,733,12,10,1,15,4,360,37,15:00:00,/en/matches/0e46b968/Everton-Fulham-November-8-2025-Premier-League
2025-08-18,Matchweek 1,Mon,Away,L,0,1,Everton,46,582,84,271,205,113,13,582,24,6,25.0,12,50.0,277,1353,710,9,9,1,19,3,347,28,20:00:00,/en/matches/0701e218/Leeds-United-Everton-August-18-2025-Premier-League
2025-08-23,Matchweek 2,Sat,Home,W,5,0,Arsenal,67,750,46,209,383,166,31,749,26,12,46.2,12,46.2,452,2560,1260,30,11,8,12,6,573,42,17:30:00,/en/matches/e8724659/Arsenal-Leeds-United-August-23-2025-Premier-League
2025-08-30,Matchweek 3,Sat,Away,D,0,0,Newcastle Utd,57,695,63,241,315,145,13,695,16,5,31.3,8,50.0,439,2025,992,14,16,4,18,10,496,51,17:30:00,/en/matches/bc110e0b/Leeds-United-Newcastle-United-August-30-2025-Premier-League
2025-09-13,Matchweek 4,Sat,Home,W,1,0,Fulham,54,618,61,179,300,142,10,618,18,6,33.3,9,50.0,369,2108,1264,21,14,1,17,9,405,40,15:00:00,/en/matches/ab8543fb/Fulham-Leeds-United-September-13-2025-Premier-League
2025-09-20,Matchweek 5,Sat,Home,L,1,3,Wolves,56,678,46,167,340,175,37,678,17,9,52.9,8,47.1,344,1739,891,18,10,1,14,12,461,48,15:00:00,/en/matches/45650a33/Wolverhampton-Wanderers-Leeds-United-September-20-2025-Premier-League
2025-09-27,Matchweek 6,Sat,Away,D,2,2,Bournemouth,59,703,64,198,312,197,22,703,27,11,40.7,14,51.9,463,2297,1233,18,21,3,7,13,467,41,15:00:00,/en/matches/d2fc69e6/Leeds-United-Bournemouth-September-27-2025-Premier-League
2025-10-04,Matchweek 7,Sat,Away,W,2,1,Tottenham,44,518,64,204,214,110,17,518,18,10,55.6,7,38.9,224,1021,491,6,5,5,10,12,313,33,12:30:00,/en/matches/3e588df8/Leeds-United-Tottenham-Hotspur-October-4-2025-Premier-League
2025-10-18,Matchweek 8,Sat,Home,W,2,0,Burnley,32,464,77,219,176,72,3,464,11,2,18.2,7,63.6,218,944,414,8,6,1,15,6,236,14,15:00:00,/en/matches/a31356f3/Burnley-Leeds-United-October-18-2025-Premier-League
2025-10-24,Matchweek 9,Fri,Away,L,1,2,West Ham,59,684,43,138,384,165,10,684,17,6,35.3,11,64.7,419,2112,897,9,7,0,18,10,459,39,20:00:00,/en/matches/236e3e4c/Leeds-United-West-Ham-United-October-24-2025-Premier-League
2025-11-01,Matchweek 10,Sat,Home,W,3,0,Brighton,50,630,84,234,279,120,23,630,12,9,75.0,3,25.0,441,2201,1192,15,10,5,20,9,451,28,15:00:00,/en/matches/40e608f4/Brighton-and-Hove-Albion-Leeds-United-November-1-2025-Premier-League
2025-11-09,Matchweek 11,Sun,Home,W,3,1,Nott'ham Forest,46,543,54,203,202,147,23,542,17,7,41.2,10,58.8,296,1452,731,11,9,3,24,5,297,45,14:00:00,/en/matches/c2217a56/Nottingham-Forest-Leeds-United-November-9-2025-Premier-League
2025-08-15,Matchweek 1,Fri,Away,L,2,4,Bournemouth,39,491,77,200,187,109,26,491,22,8,36.4,11,50.0,186,1030,547,12,9,3,13,5,226,19,20:00:00,/en/matches/a071faa8/Liverpool-Bournemouth-August-15-2025-Premier-League
2025-08-25,Matchweek 2,Mon,Home,L,2,3,Newcastle Utd,38,391,41,119,149,129,27,391,19,8,42.1,9,47.4,199,1040,528,15,11,5,10,4,193,24,20:00:00,/en/matches/2c75d21a/Newcastle-United-Liverpool-August-25-2025-Premier-League
2025-08-31,Matchweek 3,Sun,Away,L,0,1,Arsenal,47,512,67,163,225,134,27,512,9,3,33.3,5,55.6,326,1882,967,20,16,6,19,6,322,27,16:30:00,/en/matches/b0005978/Liverpool-Arsenal-August-31-2025-Premier-League
2025-09-14,Matchweek 4,Sun,Home,L,0,1,Burnley,20,320,97,164,117,41,1,320,9,2,22.2,6,66.7,91,573,278,6,4,1,9,4,86,10,14:00:00,/en/matches/fed27aaa/Burnley-Liverpool-September-14-2025-Premier-League
2025-09-20,Matchweek 5,Sat,Away,L,1,2,Everton,43,505,59,155,203,152,20,505,23,12,52.2,7,30.4,275,1449,632,16,10,4,16,11,284,36,12:30:00,/en/matches/5da72d0e/Merseyside-Derby-Liverpool-Everton-September-20-2025-Premier-League
2025-09-27,Matchweek 6,Sat,Home,W,2,1,Crystal Palace,29,424,79,174,163,88,32,424,8,6,75.0,1,12.5,117,702,385,9,5,4,8,6,195,27,15:00:00,/en/matches/8a5edb7f/Crystal-Palace-Liverpool-September-27-2025-Premier-League
2025-10-04,Matchweek 7,Sat,Home,W,2,1,Chelsea,53,657,82,233,258,175,22,657,16,6,37.5,8,50.0,358,1985,1105,27,20,6,15,8,443,36,17:30:00,/en/matches/780d534e/Chelsea-Liverpool-October-4-2025-Premier-League
2025-10-19,Matchweek 8,Sun,Away,W,2,1,Manchester Utd,36,464,96,175,184,107,16,464,8,4,50.0,4,50.0,167,724,390,6,10,1,21,9,218,22,16:30:00,/en/matches/cbec79a5/North-West-Derby-Liverpool-Manchester-United-October-19-2025-Premier-League
2025-10-25,Matchweek 9,Sat,Home,W,3,2,Brentford,35,481,87,185,158,147,31,480,22,7,31.8,13,59.1,178,1054,498,16,11,4,13,8,222,25,20:00:00,/en/matches/26e5ca72/Brentford-Liverpool-October-25-2025-Premier-League
2025-11-01,Matchweek 10,Sat,Away,L,0,2,Aston Villa,46,529,109,229,187,116,19,529,10,6,60.0,4,40.0,275,1541,801,13,8,2,14,8,345,39,20:00:00,/en/matches/c15115cb/Liverpool-Aston-Villa-November-1-2025-Premier-League
2025-11-09,Matchweek 11,Sun,Home,W,3,0,Manchester City,49,588,72,228,221,145,25,587,18,9,50.0,4,22.2,321,1924,1107,26,18,8,14,4,396,26,16:30:00,/en/matches/a126a64c/Manchester-City-Liverpool-November-9-2025-Premier-League
2025-08-16,Matchweek 1,Sat,Home,L,0,4,Wolves,42,542,66,179,255,115,19,542,11,5,45.5,4,36.4,327,1607,662,12,12,2,9,14,353,23,17:30:00,/en/matches/8613020d/Wolverhampton-Wanderers-Manchester-City-August-16-2025-Premier-League
2025-08-23,Matchweek 2,Sat,Away,W,2,0,Tottenham,39,500,87,220,185,102,26,500,24,8,33.3,15,62.5,216,1391,658,14,6,2,30,5,281,22,12:30:00,/en/matches/f7e2c9c7/Manchester-City-Tottenham-Hotspur-August-23-2025-Premier-League
2025-08-31,Matchweek 3,Sun,Home,W,2,1,Brighton,37,440,67,164,186,97,19,439,15,8,53.3,6,40.0,244,1191,635,17,6,7,10,9,250,17,14:00:00,/en/matches/810d81e7/Brighton-and-Hove-Albion-Manchester-City-August-31-2025-Premier-League
2025-09-14,Matchweek 4,Sun,Away,L,0,3,Manchester Utd,54,653,47,163,305,190,27,653,14,6,42.9,8,57.1,349,1706,833,22,15,5,16,5,439,54,16:30:00,/en/matches/f2b1061a/Manchester-Derby-Manchester-City-Manchester-United-September-14-2025-Premier-League
2025-09-21,Matchweek 5,Sun,Home,D,1,1,Arsenal,66,767,41,182,345,243,36,767,13,6,46.2,5,38.5,396,2441,1288,29,23,7,27,8,531,49,16:30:00,/en/matches/2045939c/Arsenal-Manchester-City-September-21-2025-Premier-League
2025-09-27,Matchweek 6,Sat,Away,L,1,5,Burnley,32,453,92,201,163,90,11,453,6,1,16.7,4,66.7,241,957,418,5,4,2,14,4,254,16,15:00:00,/en/matches/53db8cb5/Manchester-City-Burnley-September-27-2025-Premier-League
2025-10-05,Matchweek 7,Sun,Home,L,0,1,Brentford,31,445,63,178,187,84,8,445,11,2,18.2,7,63.6,176,816,361,3,3,0,11,7,266,15,16:30:00,/en/matches/8c0ee359/Brentford-Manchester-City-October-5-2025-Premier-League
2025-10-18,Matchweek 8,Sat,Away,L,0,2,Everton,29,437,79,171,188,87,14,437,16,5,31.3,10,62.5,247,1228,547,10,8,1,21,5,242,16,15:00:00,/en/matches/1340e41a/Manchester-City-Everton-October-18-2025-Premier-League
2025-10-26,Matchweek 9,Sun,Home,W,1,0,Aston Villa,47,594,125,257,247,97,24,594,17,6,35.3,7,41.2,341,1698,799,21,10,3,10,7,404,24,14:00:00,/en/matches/2324c097/Aston-Villa-Manchester-City-October-26-2025-Premier-League
2025-11-02,Matchweek 10,Sun,Away,L,1,3,Bournemouth,51,668,80,228,309,139,17,668,11,4,36.4,5,45.5,440,2283,1196,16,12,5,17,5,470,35,16:30:00,/en/matches/cc77588b/Manchester-City-Bournemouth-November-2-2025-Premier-League
2025-11-09,Matchweek 11,Sun,Away,L,0,3,Liverpool,51,600,64,177,293,131,22,600,15,4,26.7,8,53.3,410,1666,806,14,5,1,13,9,419,37,16:30:00,/en/matches/a126a64c/Manchester-City-Liverpool-November-9-2025-Premier-League
2025-08-17,Matchweek 1,Sun,Away,W,1,0,Arsenal,39,464,82,170,190,111,19,464,28,9,32.1,16,57.1,232,1259,619,12,12,3,15,6,236,24,16:30:00,/en/matches/643d26fd/Manchester-United-Arsenal-August-17-2025-Premier-League
2025-08-24,Matchweek 2,Sun,Home,D,1,1,Fulham,53,588,73,172,231,190,37,588,15,2,13.3,11,73.3,371,1791,960,22,14,5,14,6,384,39,16:30:00,/en/matches/fc45a8b2/Fulham-Manchester-United-August-24-2025-Premier-League
2025-08-30,Matchweek 3,Sat,Away,L,2,3,Burnley,38,483,79,194,214,79,16,483,6,3,50.0,2,33.3,194,810,360,4,3,2,20,14,235,22,15:00:00,/en/matches/0050df89/Manchester-United-Burnley-August-30-2025-Premier-League
2025-09-14,Matchweek 4,Sun,Home,W,3,0,Manchester City,46,587,72,223,264,104,24,587,23,7,30.4,15,65.2,322,1399,635,20,5,8,17,8,374,22,16:30:00,/en/matches/f2b1061a/Manchester-Derby-Manchester-City-Manchester-United-September-14-2025-Premier-League
2025-09-20,Matchweek 5,Sat,Away,L,1,2,Chelsea,58,704,83,248,354,108,14,704,21,8,38.1,10,47.6,396,1753,880,16,7,2,13,11,485,39,17:30:00,/en/matches/a562da13/Manchester-United-Chelsea-September-20-2025-Premier-League
2025-09-27,Matchweek 6,Sat,Home,W,3,1,Brentford,45,518,55,175,232,117,22,518,15,6,40.0,8,53.3,202,1088,523,11,6,4,22,8,295,27,12:30:00,/en/matches/f96a49ea/Brentford-Manchester-United-September-27-2025-Premier-League
2025-10-04,Matchweek 7,Sat,Away,L,0,2,Sunderland,50,608,59,179,312,123,12,608,20,11,55.0,9,45.0,341,1783,866,10,17,1,14,8,358,37,15:00:00,/en/matches/e33ea33d/Manchester-United-Sunderland-October-4-2025-Premier-League
2025-10-19,Matchweek 8,Sun,Home,L,1,2,Liverpool,64,689,42,167,306,218,50,689,13,4,30.8,7,53.8,400,2337,1419,32,21,11,25,8,446,63,16:30:00,/en/matches/cbec79a5/North-West-Derby-Liverpool-Manchester-United-October-19-2025-Premier-League
2025-10-25,Matchweek 9,Sat,Away,L,2,4,Brighton,56,719,79,250,352,122,20,719,24,17,70.8,6,25.0,350,2044,1128,24,12,6,18,15,500,38,17:30:00,/en/matches/a190da2c/Manchester-United-Brighton-and-Hove-Albion-October-25-2025-Premier-League
2025-11-01,Matchweek 10,Sat,Home,D,2,2,Nott'ham Forest,42,497,46,151,207,144,23,497,11,5,45.5,6,54.5,298,1492,746,23,16,5,12,6,278,35,15:00:00,/en/matches/6f99be65/Nottingham-Forest-Manchester-United-November-1-2025-Premier-League
2025-11-08,Matchweek 11,Sat,Home,D,2,2,Tottenham,54,648,46,166,312,176,16,648,24,12,50.0,10,41.7,384,2281,1082,24,19,3,17,11,406,42,12:30:00,/en/matches/ad74e791/Tottenham-Hotspur-Manchester-United-November-8-2025-Premier-League
2025-08-16,Matchweek 1,Sat,Home,D,0,0,Aston Villa,41,445,82,179,193,77,13,445,18,9,50.0,6,33.3,249,1250,565,10,7,4,15,4,235,34,12:30:00,/en/matches/bbdf4739/Aston-Villa-Newcastle-United-August-16-2025-Premier-League
2025-08-25,Matchweek 2,Mon,Away,W,3,2,Liverpool,62,584,67,205,276,106,15,584,10,5,50.0,3,30.0,302,1516,787,12,8,3,14,9,385,37,20:00:00,/en/matches/2c75d21a/Newcastle-United-Liverpool-August-25-2025-Premier-League
2025-08-30,Matchweek 3,Sat,Home,D,0,0,Leeds United,43,560,62,177,275,121,17,560,14,7,50.0,5,35.7,286,1599,824,17,12,4,12,5,347,30,17:30:00,/en/matches/bc110e0b/Leeds-United-Newcastle-United-August-30-2025-Premier-League
2025-09-13,Matchweek 4,Sat,Away,L,0,1,Wolves,43,521,85,213,209,103,20,521,16,8,50.0,7,43.8,281,1426,706,13,13,5,22,3,283,20,15:00:00,/en/matches/55fbbbe6/Newcastle-United-Wolverhampton-Wanderers-September-13-2025-Premier-League
2025-09-21,Matchweek 5,Sun,Home,D,0,0,Bournemouth,55,671,43,197,326,156,16,671,20,6,30.0,11,55.0,419,1651,850,12,10,3,20,8,424,41,14:00:00,/en/matches/f55b1b65/Bournemouth-Newcastle-United-September-21-2025-Premier-League
2025-09-28,Matchweek 6,Sun,Away,W,2,1,Arsenal,63,651,61,175,278,202,43,651,20,11,55.0,6,30.0,360,1753,840,12,17,4,14,6,433,53,16:30:00,/en/matches/e851cb5c/Newcastle-United-Arsenal-September-28-2025-Premier-League
2025-10-05,Matchweek 7,Sun,Away,L,0,2,Nott'ham Forest,48,618,101,286,233,105,17,618,18,13,72.2,5,27.8,380,1629,729,15,15,3,16,11,390,30,14:00:00,/en/matches/e33f1657/Newcastle-United-Nottingham-Forest-October-5-2025-Premier-League
2025-10-18,Matchweek 8,Sat,Home,W,2,1,Brighton,45,577,81,169,278,138,30,577,17,11,64.7,6,35.3,366,1883,1013,26,15,9,12,11,358,39,15:00:00,/en/matches/7c25388b/Brighton-and-Hove-Albion-Newcastle-United-October-18-2025-Premier-League
2025-10-25,Matchweek 9,Sat,Away,L,1,2,Fulham,49,601,76,240,248,120,24,601,14,5,35.7,7,50.0,346,1904,1027,24,13,8,16,7,372,34,15:00:00,/en/matches/0f6b6849/Newcastle-United-Fulham-October-25-2025-Premier-League
2025-11-02,Matchweek 10,Sun,Home,W,3,1,West Ham,38,498,72,196,194,117,20,498,10,7,70.0,3,30.0,188,1173,597,16,8,8,20,5,267,28,14:00:00,/en/matches/55587dfc/West-Ham-United-Newcastle-United-November-2-2025-Premier-League
2025-11-09,Matchweek 11,Sun,Home,W,3,1,Brentford,50,569,51,172,260,147,34,568,14,6,42.9,5,35.7,239,1329,661,12,12,5,14,5,341,31,14:00:00,/en/matches/7398b723/Brentford-Newcastle-United-November-9-2025-Premier-League
2025-08-17,Matchweek 1,Sun,Away,L,1,3,Brentford,46,508,73,233,198,83,18,507,16,7,43.8,7,43.8,229,1403,895,16,11,4,17,5,290,22,14:00:00,/en/matches/855f8b5e/Nottingham-Forest-Brentford-August-17-2025-Premier-League
2025-08-24,Matchweek 2,Sun,Home,D,1,1,Crystal Palace,42,505,81,189,209,115,21,505,8,3,37.5,4,50.0,278,1705,1141,18,15,2,10,8,306,34,14:00:00,/en/matches/a3984be1/Crystal-Palace-Nottingham-Forest-August-24-2025-Premier-League
2025-08-31,Matchweek 3,Sun,Away,W,3,0,West Ham,42,549,94,274,179,98,17,548,23,8,34.8,11,47.8,320,1917,1131,15,12,3,14,8,342,23,14:00:00,/en/matches/299beb27/Nottingham-Forest-West-Ham-United-August-31-2025-Premier-League
2025-09-13,Matchweek 4,Sat,Home,W,3,0,Arsenal,54,615,52,175,267,178,37,615,24,11,45.8,10,41.7,367,2262,1366,26,13,7,11,2,420,48,12:30:00,/en/matches/4fe3e679/Arsenal-Nottingham-Forest-September-13-2025-Premier-League
2025-09-20,Matchweek 5,Sat,Home,D,1,1,Burnley,37,514,68,178,218,125,23,514,19,11,57.9,6,31.6,282,1347,883,13,6,4,7,5,295,31,15:00:00,/en/matches/e523c1cd/Burnley-Nottingham-Forest-September-20-2025-Premier-League
2025-09-27,Matchweek 6,Sat,Away,W,1,0,Sunderland,35,478,96,221,170,90,19,478,12,7,58.3,5,41.7,268,1443,883,15,8,4,9,11,268,22,17:30:00,/en/matches/78970349/Nottingham-Forest-Sunderland-September-27-2025-Premier-League
2025-10-05,Matchweek 7,Sun,Home,W,2,0,Newcastle Utd,52,634,49,140,303,197,32,633,14,5,35.7,7,50.0,405,1537,734,18,5,3,23,6,418,63,14:00:00,/en/matches/e33f1657/Newcastle-United-Nottingham-Forest-October-5-2025-Premier-League
2025-10-18,Matchweek 8,Sat,Away,W,3,0,Chelsea,50,607,82,230,260,127,20,607,23,12,52.2,8,34.8,380,1719,849,18,10,3,15,11,413,34,12:30:00,/en/matches/b3ac7e40/Nottingham-Forest-Chelsea-October-18-2025-Premier-League
2025-10-26,Matchweek 9,Sun,Home,W,2,0,Bournemouth,52,594,52,189,269,145,16,593,17,7,41.2,9,52.9,323,2015,1085,17,16,0,17,10,373,40,14:00:00,/en/matches/0676a57a/Bournemouth-Nottingham-Forest-October-26-2025-Premier-League
2025-11-01,Matchweek 10,Sat,Away,D,2,2,Manchester Utd,58,679,72,222,336,127,17,679,20,8,40.0,11,55.0,288,1636,889,14,7,3,21,6,456,39,15:00:00,/en/matches/6f99be65/Nottingham-Forest-Manchester-United-November-1-2025-Premier-League
2025-11-09,Matchweek 11,Sun,Away,L,1,3,Leeds United,54,612,67,232,283,103,20,612,25,5,20.0,18,72.0,332,2013,1252,14,6,5,13,9,369,31,14:00:00,/en/matches/c2217a56/Nottingham-Forest-Leeds-United-November-9-2025-Premier-League
2025-08-16,Matchweek 1,Sat,Away,L,0,3,West Ham,63,706,49,178,339,196,27,706,18,7,38.9,8,44.4,328,1791,882,10,14,0,14,6,487,49,15:00:00,/en/matches/e1058522/Sunderland-West-Ham-United-August-16-2025-Premier-League
2025-08-23,Matchweek 2,Sat,Home,W,2,0,Burnley,42,608,74,208,263,142,16,608,12,3,25.0,8,66.7,325,1313,733,14,7,4,12,10,374,39,15:00:00,/en/matches/4e287736/Burnley-Sunderland-August-23-2025-Premier-League
2025-08-30,Matchweek 3,Sat,Away,L,1,2,Brentford,46,510,67,228,196,90,13,509,25,8,32.0,14,56.0,261,1317,617,13,5,1,11,14,294,23,15:00:00,/en/matches/f03152d1/Sunderland-Brentford-August-30-2025-Premier-League
2025-09-13,Matchweek 4,Sat,Home,D,0,0,Crystal Palace,56,639,60,224,283,138,21,639,12,2,16.7,8,66.7,409,1699,791,12,12,1,12,5,438,39,15:00:00,/en/matches/e3cade07/Crystal-Palace-Sunderland-September-13-2025-Premier-League
2025-09-21,Matchweek 5,Sun,Away,D,1,1,Aston Villa,71,700,60,176,271,260,33,700,12,0,0.0,8,66.7,476,2450,1224,22,19,2,13,12,503,48,14:00:00,/en/matches/4e615d10/Sunderland-Aston-Villa-September-21-2025-Premier-League
2025-09-27,Matchweek 6,Sat,Home,L,0,1,Nott'ham Forest,65,761,63,195,302,268,34,761,18,9,50.0,7,38.9,370,2411,1333,25,23,4,18,3,552,76,17:30:00,/en/matches/78970349/Nottingham-Forest-Sunderland-September-27-2025-Premier-League
2025-10-04,Matchweek 7,Sat,Home,W,2,0,Manchester Utd,50,603,68,196,292,121,31,603,24,7,29.2,16,66.7,288,1302,680,22,9,11,19,5,368,35,15:00:00,/en/matches/e33ea33d/Manchester-United-Sunderland-October-4-2025-Premier-League
2025-10-18,Matchweek 8,Sat,Away,L,0,2,Wolves,59,661,65,180,310,175,37,661,17,7,41.2,9,52.9,337,1839,1012,19,16,3,13,5,425,42,15:00:00,/en/matches/fe212874/Sunderland-Wolverhampton-Wanderers-October-18-2025-Premier-League
2025-10-25,Matchweek 9,Sat,Home,L,1,2,Chelsea,68,767,66,209,351,212,24,767,18,9,50.0,6,33.3,550,2716,1611,24,18,4,12,8,580,59,15:00:00,/en/matches/cfda878f/Chelsea-Sunderland-October-25-2025-Premier-League
2025-11-03,Matchweek 10,Mon,Away,D,1,1,Everton,40,509,73,221,191,102,18,509,14,6,42.9,8,57.1,286,1261,642,14,15,3,15,6,280,26,20:00:00,/en/matches/bb37daa2/Sunderland-Everton-November-3-2025-Premier-League
2025-11-08,Matchweek 11,Sat,Away,D,2,2,Arsenal,64,674,44,124,293,263,30,674,17,8,47.1,9,52.9,343,1551,770,16,15,4,7,7,477,47,17:30:00,/en/matches/34884979/Sunderland-Arsenal-November-8-2025-Premier-League
2025-08-16,Matchweek 1,Sat,Away,L,0,3,Burnley,34,380,57,127,135,122,23,380,12,7,58.3,3,25.0,158,545,250,4,5,1,10,9,196,17,15:00:00,/en/matches/d41bb8b3/Tottenham-Hotspur-Burnley-August-16-2025-Premier-League
2025-08-23,Matchweek 2,Sat,Home,L,0,2,Manchester City,61,689,76,238,275,180,32,689,17,7,41.2,8,47.1,424,1980,955,22,13,11,19,16,485,44,12:30:00,/en/matches/f7e2c9c7/Manchester-City-Tottenham-Hotspur-August-23-2025-Premier-League
2025-08-30,Matchweek 3,Sat,Away,W,1,0,Bournemouth,39,475,48,151,208,123,29,475,24,8,33.3,8,33.3,185,1059,579,13,10,3,16,8,223,34,15:00:00,/en/matches/0e30cf4b/Tottenham-Hotspur-Bournemouth-August-30-2025-Premier-League
2025-09-13,Matchweek 4,Sat,Home,L,0,3,West Ham,36,454,80,206,165,86,8,454,17,6,35.3,9,52.9,220,1106,493,11,6,3,9,7,261,19,17:30:00,/en/matches/86c7261a/West-Ham-United-Tottenham-Hotspur-September-13-2025-Premier-League
2025-09-20,Matchweek 5,Sat,Home,D,2,2,Brighton,36,469,100,191,192,90,14,469,17,6,35.3,10,58.8,258,1172,590,8,9,5,21,16,248,25,15:00:00,/en/matches/fa03feeb/Brighton-and-Hove-Albion-Tottenham-Hotspur-September-20-2025-Premier-League
2025-09-27,Matchweek 6,Sat,Away,D,1,1,Wolves,49,583,90,245,238,114,16,583,18,8,44.4,8,44.4,310,1410,665,11,9,2,15,9,346,28,20:00:00,/en/matches/116cff7d/Tottenham-Hotspur-Wolverhampton-Wanderers-September-27-2025-Premier-League
2025-10-04,Matchweek 7,Sat,Home,L,1,2,Leeds United,56,625,51,188,288,155,22,625,12,3,25.0,7,58.3,330,1521,868,14,10,1,22,8,423,44,12:30:00,/en/matches/3e588df8/Leeds-United-Tottenham-Hotspur-October-4-2025-Premier-League
2025-10-19,Matchweek 8,Sun,Away,W,2,1,Aston Villa,47,506,87,202,202,104,6,506,20,7,35.0,11,55.0,226,1135,528,7,4,2,19,14,310,31,14:00:00,/en/matches/810c0cb9/Tottenham-Hotspur-Aston-Villa-October-19-2025-Premier-League
2025-10-26,Matchweek 9,Sun,Home,L,0,3,Everton,53,602,48,147,250,210,31,602,23,8,34.8,12,52.2,380,1815,971,21,17,7,8,8,390,40,16:30:00,/en/matches/4234aaa9/Everton-Tottenham-Hotspur-October-26-2025-Premier-League
2025-11-01,Matchweek 10,Sat,Away,W,1,0,Chelsea,52,603,64,187,266,159,33,603,29,8,27.6,19,65.5,344,1622,733,18,13,6,24,11,366,42,17:30:00,/en/matches/cb498e0b/Tottenham-Hotspur-Chelsea-November-1-2025-Premier-League
2025-11-08,Matchweek 11,Sat,Away,D,2,2,Manchester Utd,46,556,58,185,282,96,18,556,18,3,16.7,10,55.6,284,1245,516,10,8,4,15,16,327,28,12:30:00,/en/matches/ad74e791/Tottenham-Hotspur-Manchester-United-November-8-2025-Premier-League
2025-08-16,Matchweek 1,Sat,Home,W,3,0,Sunderland,38,467,62,186,177,109,15,467,7,1,14.3,6,85.7,248,1303,649,9,8,2,8,6,267,23,15:00:00,/en/matches/e1058522/Sunderland-West-Ham-United-August-16-2025-Premier-League
2025-08-22,Matchweek 2,Fri,Away,W,5,1,Chelsea,58,684,67,196,372,121,26,684,9,4,44.4,4,44.4,383,1772,975,21,14,7,4,7,520,29,20:00:00,/en/matches/57b35843/West-Ham-United-Chelsea-August-22-2025-Premier-League
2025-08-31,Matchweek 3,Sun,Home,L,0,3,Nott'ham Forest,58,707,36,126,362,226,28,707,18,6,33.3,9,50.0,364,1923,1213,22,13,5,14,7,484,57,14:00:00,/en/matches/299beb27/Nottingham-Forest-West-Ham-United-August-31-2025-Premier-League
2025-09-13,Matchweek 4,Sat,Away,W,3,0,Tottenham,64,678,52,184,319,182,36,678,17,11,64.7,6,35.3,418,2348,1235,26,14,4,15,7,483,44,17:30:00,/en/matches/86c7261a/West-Ham-United-Tottenham-Hotspur-September-13-2025-Premier-League
2025-09-20,Matchweek 5,Sat,Away,W,2,1,Crystal Palace,43,518,64,202,205,114,27,518,9,5,55.6,1,11.1,281,1369,807,12,6,2,17,8,302,35,15:00:00,/en/matches/15b707b3/West-Ham-United-Crystal-Palace-September-20-2025-Premier-League
2025-09-29,Matchweek 6,Mon,Home,D,1,1,Everton,51,620,61,182,253,190,29,620,11,4,36.4,6,54.5,378,1822,1034,21,20,7,20,10,396,48,20:00:00,/en/matches/1163f46d/Everton-West-Ham-United-September-29-2025-Premier-League
2025-10-04,Matchweek 7,Sat,Home,W,2,0,Arsenal,67,731,48,182,325,227,43,730,16,5,31.3,8,50.0,462,2335,1203,24,20,4,10,9,508,46,15:00:00,/en/matches/266bddc6/Arsenal-West-Ham-United-October-4-2025-Premier-League
2025-10-20,Matchweek 8,Mon,Away,W,2,0,Brentford,56,626,68,201,272,158,42,626,18,6,33.3,12,66.7,294,1583,829,22,12,9,16,4,400,40,20:00:00,/en/matches/3322a47b/West-Ham-United-Brentford-October-20-2025-Premier-League
2025-10-24,Matchweek 9,Fri,Home,W,2,1,Leeds United,41,542,74,254,221,73,10,542,10,5,50.0,5,50.0,251,1112,657,14,7,3,18,7,319,23,20:00:00,/en/matches/236e3e4c/Leeds-United-West-Ham-United-October-24-2025-Premier-League
2025-11-02,Matchweek 10,Sun,Away,L,1,3,Newcastle Utd,62,702,56,166,344,198,21,702,15,7,46.7,8,53.3,467,2145,1177,26,17,3,15,13,494,73,14:00:00,/en/matches/55587dfc/West-Ham-United-Newcastle-United-November-2-2025-Premier-League
2025-11-08,Matchweek 11,Sat,Away,L,2,3,Burnley,57,678,67,204,330,145,25,678,13,3,23.1,7,53.8,386,1574,881,13,10,4,15,7,455,35,15:00:00,/en/matches/9a904d13/West-Ham-United-Burnley-November-8-2025-Premier-League
2025-08-16,Matchweek 1,Sat,Away,W,4,0,Manchester City,58,720,66,206,358,163,26,720,28,14,50.0,11,39.3,404,2375,1141,25,15,4,15,14,531,51,17:30:00,/en/matches/8613020d/Wolverhampton-Wanderers-Manchester-City-August-16-2025-Premier-League
2025-08-23,Matchweek 2,Sat,Home,W,1,0,Bournemouth,59,616,47,150,289,182,28,616,23,10,43.5,12,52.2,283,1535,904,16,13,6,9,9,406,41,15:00:00,/en/matches/a515fb3a/Bournemouth-Wolverhampton-Wanderers-August-23-2025-Premier-League
2025-08-30,Matchweek 3,Sat,Away,W,3,2,Everton,42,540,58,174,226,145,22,540,21,8,38.1,12,57.1,292,1277,523,10,15,5,17,11,296,35,15:00:00,/en/matches/3c399f5e/Wolverhampton-Wanderers-Everton-August-30-2025-Premier-League
2025-09-13,Matchweek 4,Sat,Home,W,1,0,Newcastle Utd,57,618,49,177,261,185,26,618,14,5,35.7,9,64.3,331,1430,655,11,5,3,14,7,395,51,15:00:00,/en/matches/55fbbbe6/Newcastle-United-Wolverhampton-Wanderers-September-13-2025-Premier-League
2025-09-20,Matchweek 5,Sat,Away,W,3,1,Leeds United,44,593,86,221,281,102,12,593,22,8,36.4,13,59.1,310,1811,968,14,15,5,28,15,369,28,15:00:00,/en/matches/45650a33/Wolverhampton-Wanderers-Leeds-United-September-20-2025-Premier-League
2025-09-27,Matchweek 6,Sat,Home,D,1,1,Tottenham,51,584,45,146,248,197,23,584,29,11,37.9,14,48.3,362,2102,949,25,21,5,24,17,357,41,20:00:00,/en/matches/116cff7d/Tottenham-Hotspur-Wolverhampton-Wanderers-September-27-2025-Premier-League
2025-10-05,Matchweek 7,Sun,Away,D,1,1,Brighton,59,692,60,197,313,191,26,692,32,8,25.0,20,62.5,374,2336,1526,29,17,3,16,6,461,59,14:00:00,/en/matches/1314f9fd/Wolverhampton-Wanderers-Brighton-and-Hove-Albion-October-5-2025-Premier-League
2025-10-18,Matchweek 8,Sat,Home,W,2,0,Sunderland,41,482,84,194,185,106,17,482,17,8,47.1,9,52.9,248,1094,530,8,6,2,11,6,253,17,15:00:00,/en/matches/fe212874/Sunderland-Wolverhampton-Wanderers-October-18-2025-Premier-League
2025-10-26,Matchweek 9,Sun,Away,W,3,2,Burnley,43,570,75,218,245,111,20,570,12,3,25.0,6,50.0,294,1405,732,12,10,1,16,8,325,20,14:00:00,/en/matches/28244556/Wolverhampton-Wanderers-Burnley-October-26-2025-Premier-League
2025-11-01,Matchweek 10,Sat,Home,W,3,0,Fulham,64,719,68,215,320,189,36,719,18,7,38.9,8,44.4,373,2178,1392,30,10,11,15,9,513,47,15:00:00,/en/matches/03f6bccd/Fulham-Wolverhampton-Wanderers-November-1-2025-Premier-League
2025-11-08,Matchweek 11,Sat,Home,W,3,0,Chelsea,63,745,42,153,347,251,34,745,21,9,42.9,7,33.3,559,2663,1485,28,12,8,14,3,556,51,20:00:00,/en/matches/098d4b9c/Chelsea-Wolverhampton-Wanderers-November-8-2025-Premier-League
